M_y,3323.44,3107.44,2894.83,3473.01,2765.21,2961.51,3366.72,2793.58,3120.94,2707.26,3723.05,3619.9,2980.77,3457.62,3606.33,4009.35,3725.65,2794.41,2918.6,3945.64,3084.33,3000.18,3706.2,3656.2,3210.22,3535.44,4201.12,2661.13,3431.64,3448.99,2408.61,3308.62,3421.57,3143.99,2792.8,3516.36,3285.34,3026.36,3855.66,3573.36,3539.04,4020.76,3075.14,4136.18,3099.31,3518.79,3519.31,3382.84,3304.92,3889.42,2744.84,2693.7,2872.64,2393.86,3229.98,2607.08,3059.63,4104.81,3218.2,3008.78,2898.52,3646.14,3552.79,3414.36,4298.1,3377.97,3495.75,3127.87,3725.71,2360.64,3395.26,2546.53,3607.87,2903.06,4326.9,2908.81,3013.67,3240.16,2517.32,3209.48,2935.51,3736.36,2771.59,3109.25,3428.58,3256.03,2880.49,3530.59,2401.61,2767.69,3023.7,3456.94,3145.34,3474.28,3385.99,3591.49,2520.58,3035.93,3062.27,2823.78
0,0,0,0,0,0,0,0,0,0,0,0,0,0,0,0,0,0,0,0,0,0,0,0,0,0,0,0,0,0,0,0,0,0,0,0,0,0,0,0,0,0,0,0,0,0,0,0,0,0,0,0,0,0,0,0,0,0,0,0,0,0,0,0,0,0,0,0,0,0,0,0,0,0,0,0,0,0,0,0,0,0,0,0,0,0,0,0,0,0,0,0,0,0,0,0,0,0,0,0,0
25,103.906,109.645,84.4689,103.994,88.447,90.4505,106.37,80.4197,92.9829,82.8449,119.547,120.782,92.1822,116.501,111.324,128.931,118.745,90.1907,97.9142,126.249,96.5793,101.921,120.538,117.621,96.5322,113.774,135.458,91.0321,114.372,112.59,79.4814,110.578,111.602,97.6195,93.161,102.661,106.795,95.121,132.433,116.553,117.105,124.764,92.8145,124.814,98.4766,102.023,106.235,108.223,101.594,126.004,96.1383,91.9454,86.6156,85.6902,99.5378,83.0649,87.9748,120.672,95.7008,97.773,87.7277,116.519,106.424,108.81,139.013,109.651,109.786,107.645,110.675,80.6077,93.3023,75.409,111.581,95.225,140.391,95.8011,104.962,102.393,82.9676,101.941,91.8218,113.848,96.4411,90.8273,109.608,103.249,92.3384,101.942,74.4491,89.3775,93.5935,119.248,108.024,100.741,98.5226,114.439,70.9768,104.012,102.844,91.872
50,207.81,219.289,168.937,207.989,176.892,180.9,212.74,160.838,185.965,165.688,239.093,241.563,184.362,233.001,222.647,257.862,237.489,180.379,195.826,252.497,193.157,203.84,241.077,235.241,193.064,227.547,270.917,182.062,228.744,225.181,158.96,221.153,223.205,195.237,186.32,205.32,213.588,190.241,264.867,233.105,234.208,249.528,185.628,249.628,196.952,204.046,212.47,216.445,203.187,252.008,192.274,183.888,173.23,171.376,199.074,166.128,175.948,241.343,191.4,195.544,175.454,233.037,212.847,217.62,278.026,219.3,219.571,215.287,221.349,161.213,186.604,150.816,223.162,190.449,280.783,191.601,209.921,204.785,165.933,203.88,183.642,227.696,192.879,181.653,219.215,206.498,184.675,203.884,148.897,178.753,187.185,238.496,216.047,201.481,197.044,228.879,141.952,208.022,205.685,183.742
75,311.705,328.91,253.398,311.97,265.328,271.34,319.095,241.253,278.939,248.526,358.62,362.319,276.535,349.478,333.957,386.768,356.212,270.559,293.725,378.724,289.724,305.743,361.593,352.842,289.584,341.301,406.347,273.078,343.094,337.75,238.433,331.715,334.784,292.846,279.468,307.971,320.366,285.349,397.267,349.636,351.294,374.272,278.434,374.424,295.415,306.058,318.693,324.651,304.771,377.99,288.395,275.82,259.839,257.053,298.601,249.185,263.916,362,287.092,293.304,263.173,349.535,319.261,326.413,417.012,328.935,329.341,322.914,332.012,241.81,279.9,226.221,334.729,285.659,421.147,287.387,314.863,307.164,248.891,305.81,275.454,341.528,289.304,272.473,328.806,309.732,277.003,305.816,223.341,268.118,280.77,357.713,324.046,302.211,295.558,343.298,212.926,312.016,308.513,275.603
100,415.575,438.51,337.845,415.951,353.742,361.764,425.439,321.649,371.898,331.344,478.139,483.073,368.685,465.939,445.252,515.673,474.934,360.708,391.591,504.952,386.277,407.615,482.108,470.438,386.099,455.055,541.775,364.068,457.434,450.318,317.876,442.243,446.364,390.43,372.588,410.607,427.124,380.442,529.663,466.166,468.358,499.013,371.221,499.217,393.863,408.063,424.906,432.848,406.335,503.97,384.48,367.713,346.429,342.68,398.105,332.218,351.867,482.656,382.765,391.037,350.871,466.03,425.66,435.198,555.996,438.542,439.1,430.509,442.667,322.378,373.184,301.605,446.279,380.85,561.509,383.153,419.771,409.52,331.818,407.716,367.247,455.357,385.689,363.277,438.387,412.955,369.307,407.739,297.764,357.463,374.331,476.929,432.031,402.939,394.056,457.715,283.885,415.983,411.313,367.433
125,519.401,547.979,422.259,519.851,442.109,452.146,531.696,402.033,464.82,414.14,597.547,603.671,460.8,582.271,556.476,644.432,593.521,450.822,489.394,631.046,482.768,509.405,602.485,587.912,482.541,568.688,677.04,454.984,571.641,562.756,397.291,552.707,557.804,487.976,465.659,513.201,533.797,475.469,661.872,582.559,585.326,623.625,463.974,623.903,492.24,510.007,531.05,540.95,507.856,629.817,480.5,459.562,433,428.276,497.566,415.228,439.795,603.222,478.402,488.712,438.54,582.398,532.009,543.884,694.82,548.081,548.773,538.021,553.257,402.905,466.447,376.975,557.758,475.967,701.71,478.846,524.594,511.808,414.72,509.578,458.994,569.092,482.012,454.046,547.872,516.098,461.572,509.609,372.167,446.751,467.862,595.963,539.873,503.603,492.516,572.007,354.837,519.86,514.041,459.226
150,623.11,657.35,506.606,623.749,530.366,542.444,637.905,482.326,557.667,496.836,716.915,724.252,552.801,698.524,667.625,773.172,712.102,540.784,587.041,757.14,579.189,611.04,722.855,705.361,578.961,682.318,812.278,545.769,685.803,675.188,476.562,663.005,669.24,585.403,558.59,615.723,640.373,570.422,794.038,698.952,702.19,748.23,556.636,748.568,590.544,611.913,637.144,649.006,609.28,755.652,576.337,551.224,519.475,513.631,596.915,498.122,527.637,723.78,573.953,586.262,526.102,698.752,638.287,652.527,833.627,657.482,658.393,645.382,663.805,483.293,559.648,452.257,669.156,570.992,841.892,574.439,629.247,613.987,497.469,611.325,550.654,682.809,578.143,544.741,657.305,619.182,553.715,611.432,446.488,535.938,561.277,714.975,647.65,604.254,590.898,686.293,425.72,623.613,616.634,550.867
175,726.714,766.325,590.864,727.384,618.507,632.633,743.843,562.564,650.419,579.496,835.936,844.351,644.729,814.38,778.564,901.469,830.256,630.681,684.533,882.802,675.429,712.464,842.782,822.423,675.149,795.558,947.034,636.359,799.547,787.205,555.778,773.149,780.227,682.748,651.409,718.129,746.702,665.182,925.666,814.898,818.773,872.414,649.216,872.915,688.64,713.637,743.033,756.771,710.599,881.069,672.023,642.804,605.911,598.833,696.158,580.975,615.437,844.061,669.413,683.661,613.603,814.698,744.424,760.866,971.946,766.712,767.748,752.516,774.156,563.592,652.803,527.451,780.348,665.806,981.583,669.83,733.681,715.979,580.139,712.964,642.189,796.222,674.133,635.349,766.444,722.027,645.774,713.101,520.699,624.972,654.637,833.437,754.98,704.704,689.183,800.169,496.549,727.11,719.04,642.439
200,829.95,875.004,674.915,831.015,706.305,722.561,849.634,642.607,742.933,661.843,954.835,964.367,736.3,930.002,889.274,1029.68,948.377,720.107,781.539,1008.46,771.456,813.408,962.679,939.416,771.274,908.786,1081.65,726.543,913.159,899.187,634.568,882.781,891.199,779.724,743.791,820.31,852.735,759.716,1057.08,930.842,935.037,996.585,741.511,997.16,786.513,815.241,848.764,864.399,811.612,1006.43,767.143,733.803,692.068,683.553,795.054,663.467,702.964,964.296,764.605,780.672,700.773,930.607,850.341,869.074,1110.18,875.514,876.942,859.188,884.379,643.457,745.765,602.512,891.293,760.334,1121.18,764.908,837.591,817.633,662.429,814.245,733.454,909.587,769.529,725.721,875.427,824.689,737.452,814.625,594.794,713.695,747.63,951.785,862.12,805.113,787.224,914.034,567.265,830.227,821.023,733.534
225,933.032,982.824,758.806,934.029,793.915,812.293,954.82,722.43,835.283,744.047,1072.95,1083.34,827.783,1044.74,999.546,1156.92,1065.53,809.358,878.3,1133.12,867.108,913.969,1081.57,1055.51,866.86,1021.11,1215.27,816.368,1025.81,1010.23,713.124,992.176,1001.14,876.599,836.018,922.276,958.255,853.851,1187.43,1045.75,1050.72,1119.77,833.68,1120.75,883.946,916.444,954.05,971.37,912.451,1130.86,862.046,824.586,778.059,767.68,893.786,745.782,790.393,1083.92,859.65,877.42,787.845,1045.56,955.977,976.593,1247.36,984.018,985.545,965.439,994.171,723.22,838.667,677.256,1001.81,854.433,1259.71,859.586,941.115,918.928,744.4,915.361,824.49,1022.24,864.736,815.946,983.755,926.833,829.025,915.819,668.516,802.134,840.492,1068.96,968.255,905.059,885.098,1026.94,637.772,932.834,922.669,824.45
250,1035.23,1090,842.202,1037.03,880.708,901.404,1059.68,802.004,927.063,825.763,1190.8,1202.03,918.412,1158.98,1109.28,1283.88,1182.57,897.75,973.917,1257.75,962.26,1013.41,1200.35,1171.48,962.314,1133.4,1348.43,905.245,1138.21,1121.16,791.065,1100.36,1111.02,972.589,927.207,1023.7,1063.09,947.458,1317.09,1160.64,1165.66,1242.95,925.166,1244.01,980.865,1017.37,1058.97,1078.04,1012.56,1255.11,955.616,914.324,863.646,851.217,991.689,827.566,877.294,1203.4,954.055,973.251,874.189,1160.47,1061.09,1083.83,1384.26,1091.51,1093.79,1070.61,1103.67,801.949,931.101,751.833,1111.75,947.872,1397.93,953.538,1043.42,1019.43,825.857,1015.62,914.882,1134.81,958.544,905.608,1091.74,1028.56,919.687,1016.67,742.016,889.839,932.661,1185.76,1074,1004.92,982.385,1139.84,708.165,1034.57,1023.32,914.494
275,1137.28,1195.61,925.379,1138.86,967.286,990.249,1163.41,880.976,1018.63,907.009,1307.16,1318.94,1008.79,1271.59,1218.26,1409.21,1297.87,985.585,1069.27,1380.51,1056.77,1112.32,1317.31,1285.71,1056.74,1244.01,1479.99,993.597,1248.78,1230.41,868.282,1208.3,1219,1068.33,1018.19,1124.81,1167.06,1040.38,1445.2,1273.6,1279.59,1364.21,1016.53,1366.2,1077.02,1117.56,1163.09,1183.48,1112.47,1377.72,1048.97,1003.39,948.715,933.234,1089.43,908.773,963.871,1321.8,1048.3,1068.74,960.23,1273.52,1165.75,1189.77,1519.33,1198.62,1200.94,1175.17,1212.37,880.391,1023.4,825.73,1220.97,1040.59,1534.34,1046.84,1145.2,1119.38,906.418,1115.72,1004.95,1246,1052.07,995.088,1198.5,1129.34,1010.11,1116.95,814.924,977.125,1024.4,1300.62,1177.86,1103.88,1079.46,1250.89,778.021,1135.46,1123.5,1003.97
300,1237.63,1300.17,1007.57,1240.63,1052.27,1077.87,1266.59,959.733,1109.06,987.658,1423.13,1435.11,1097.94,1383.39,1326.23,1533.76,1412.84,1072.3,1162.42,1503.19,1150.34,1209.12,1433.96,1399.85,1150.97,1354.48,1610.38,1080.17,1359.03,1339.32,944.778,1313.89,1326.79,1162.75,1107.33,1224.85,1269.76,1132.31,1571.52,1386.47,1392.18,1485.46,1106.55,1487.56,1172.22,1217.24,1266.52,1288.43,1210.93,1499.82,1139.84,1091.08,1033.32,1014.79,1185.53,989.35,1049.76,1439.8,1141.26,1162.46,1045.27,1386.57,1269.39,1295.26,1653.68,1303.76,1307.47,1277.69,1320.52,957.373,1114.97,899.174,1329.09,1132.09,1669.93,1138.78,1244.67,1217.82,986.458,1214.13,1093.75,1357.12,1143.25,1083.44,1304.68,1229.37,1099.13,1216.57,887.186,1063,1115.23,1414.48,1281.21,1202.71,1175.36,1361.93,847.621,1234.75,1221.79,1092.3
325,1337.63,1402.13,1089.53,1340.52,1137.09,1165.21,1367.88,1037.25,1199.29,1067.25,1536.56,1548.86,1186.41,1492.45,1433.02,1656.13,1525.22,1157.74,1255.38,1622.91,1242.92,1305.26,1547.87,1510.96,1243.42,1462.36,1738.81,1166.06,1466.13,1445.74,1019.74,1419.2,1431.71,1256.5,1196.01,1324.5,1371.11,1223.19,1696.39,1496.33,1503.19,1603.66,1196.3,1607.58,1266.21,1315.71,1368.66,1391.31,1309.21,1619.56,1230.36,1177.29,1116.79,1093.38,1281.37,1068.66,1134.85,1556.21,1234.04,1255.82,1129.52,1496.51,1372.39,1398.55,1785.48,1408.51,1412.18,1379.4,1427.39,1033.6,1206.15,971.923,1436.1,1222.49,1803.06,1229.78,1343.54,1315.49,1064.65,1312.26,1182.18,1465.84,1233.83,1171.65,1408.82,1327.88,1187.53,1315.28,958.92,1148.34,1205.04,1525.91,1381.3,1300,1271.06,1470.03,916.58,1332.78,1319.5,1179.35
350,1435.34,1502.96,1169.81,1440.22,1219.27,1250.48,1468.51,1114.32,1287.57,1146.24,1649.7,1660.87,1273.3,1600.71,1538.24,1776.7,1636.74,1241.88,1344.81,1742.29,1334.03,1398.12,1660.98,1622.07,1335.76,1569.78,1864.62,1249.19,1573.23,1551.29,1094.03,1521.02,1536.03,1348.55,1282.22,1422.32,1470.59,1312.55,1817.29,1605.84,1612.24,1721.68,1284.21,1725.76,1358.78,1413.43,1469.78,1493.65,1405.09,1738.09,1317.45,1261.9,1199.89,1171.34,1374.84,1147.37,1219.15,1671.74,1324.79,1346.29,1212.55,1606.37,1473.7,1501.41,1915.62,1510.06,1516.07,1477.96,1533.42,1107.93,1296.39,1043.53,1541.39,1311.04,1934.28,1318.67,1438.82,1410.77,1142.45,1407.99,1268.5,1574.56,1321.23,1257.92,1512.28,1425.32,1274.09,1412.94,1029.18,1231.41,1293.8,1634.97,1481.25,1397.22,1364.75,1577.94,984.833,1428.44,1414.19,1265.07
375,1532.32,1599.57,1249.89,1537.34,1301.35,1335.51,1566.11,1190,1375.74,1223.33,1758.7,1770.61,1358.91,1704.52,1641.69,1895.19,1745.19,1323.87,1434.22,1857.82,1423.68,1490.12,1770.8,1728.82,1425.23,1673.92,1989.12,1331.4,1675.24,1653.95,1165.74,1622.46,1636.88,1439.32,1367.61,1519.71,1568,1400.33,1938.18,1711.52,1718.85,1835.64,1371.53,1842.86,1449.51,1509.26,1568.88,1592.65,1500.74,1854,1404.08,1344.1,1280.92,1245.8,1467.81,1223.86,1301.96,1785.35,1415.22,1436.44,1294.13,1712.1,1574.15,1600.7,2043.09,1611.24,1617.08,1575.41,1637.45,1181.01,1385.83,1114.61,1645.06,1397.96,2063.14,1406.19,1533.34,1505.01,1217.26,1503.16,1354.4,1679.7,1407.78,1344.04,1612.46,1520.36,1359.49,1509.23,1098.9,1313.8,1380.71,1742.24,1575.85,1491.94,1458.31,1682,1052.51,1522.22,1508.19,1348.59
400,1626.3,1696.02,1327.45,1633.87,1379.81,1417.53,1663.41,1264.62,1460.98,1299.96,1867.71,1876.52,1442.6,1808.33,1743.22,2009.89,1851.59,1404.42,1518.78,1972.27,1511.5,1578.01,1878.64,1835.27,1514.69,1776.8,2108.21,1410.19,1777.21,1754.51,1236.93,1719.19,1736.07,1528.01,1449.73,1614.41,1663.33,1486.29,2051.47,1816.02,1823.35,1948.83,1456.45,1956.27,1538.59,1604.26,1666.86,1691.63,1593.15,1967.21,1486.02,1424.46,1361.58,1319.18,1557.63,1299.91,1383.98,1897.11,1502.96,1522.59,1374.29,1817.21,1672.18,1699.99,2167,1707.98,1717.54,1668.94,1740.55,1251.68,1474.14,1183.56,1746.55,1482.71,2187.9,1491.14,1623.34,1596.11,1291.59,1595.16,1437.32,1784.67,1490.04,1427.47,1712.4,1614.4,1442.59,1604.15,1166.63,1393.15,1466.53,1844.38,1670.45,1586.66,1548.88,1785.25,1118.78,1613.3,1598.22,1430.65
425,1719.37,1785.54,1404.85,1727.52,1458.27,1499.28,1755.92,1337.83,1546.2,1373.7,1971.2,1982.13,1524.52,1905.31,1842.02,2124.21,1955.61,1482.06,1603.33,2082.86,1597.05,1664.41,1983.88,1936.97,1600.35,1876.57,2227.31,1487.41,1873.75,1852.97,1304.52,1815.91,1832.41,1614.92,1531.09,1708.58,1755.35,1569.76,2164.56,1916.91,1923.95,2057.76,1540.56,2069.68,1624.8,1696.36,1761.72,1785.32,1685.35,2078.8,1567.97,1501.82,1439.53,1388.43,1646.91,1372.69,1463.7,2007.29,1590.26,1608.28,1452.37,1918.02,1769.01,1794.02,2289.73,1804.23,1813.44,1760.61,1840.58,1320.96,1561.11,1251.97,1845.54,1564.86,2312.17,1573.89,1712,1685.61,1362.41,1686.53,1519.69,1885.46,1572,1510.76,1807.16,1704.66,1524.18,1697.02,1233.32,1471.46,1549.62,1946.52,1759.3,1678.02,1639.45,1884.6,1184.68,1701.32,1687.12,1509.76
450,1808.48,1875.06,1479.01,1819.64,1532.16,1577.32,1848.44,1409.26,1627.62,1447.16,2074.16,2080,1604,2002.1,1939.24,2231.05,2055.12,1557.95,1682.43,2190.61,1681.04,1747.01,2084.64,2037.08,1685.65,1973.27,2338.95,1561.6,1968.84,1946.85,1371.69,1906.21,1924.75,1699.2,1607.98,1799.33,1846.19,1651.86,2272.39,2014.68,2023.58,2164.36,1621.52,2176.98,1709.98,1788.11,1856.01,1879.02,1773.2,2184.84,1643.76,1576.76,1516.91,1456.95,1731.96,1445.22,1542.65,2113.8,1674.01,1689.49,1528.75,2016.69,1863,1887.84,2405.31,1895.44,1909.35,1848.74,1940.15,1386.94,1646.81,1317.89,1942.59,1645.47,2428.33,1654.5,1796.42,1771.98,1432.69,1773.65,1598.51,1985.25,1647.85,1590.47,1901.92,1794.9,1602.76,1788.55,1298.11,1546.56,1631.54,2041,1846.67,1769.11,1726.02,1981.53,1248.31,1787.64,1771.95,1587.08
475,1897.16,1958.94,1552.86,1909.54,1605.84,1654.79,1935.67,1479.31,1708.94,1516.89,2172.28,2177.87,1681.74,2093.43,2032.05,2337.88,2154.63,1630.88,1760.84,2296.38,1761.33,1826.46,2185.4,2133.83,1767.29,2068.89,2449.17,1632.62,2060.35,2040.73,1434.78,1996.45,2017.09,1781.71,1684.87,1889.24,1931.42,1729.84,2375.44,2111.16,2116.64,2268.35,1701.91,2283.88,1790.43,1875.33,1945.37,1967.66,1861.05,2290.88,1719.29,1649.18,1591.1,1520.11,1817.01,1513.68,1618.58,2220.3,1757.66,1769.49,1602.78,2112.78,1955.06,1976.88,2520.88,1985.38,1999.5,1933.21,2034.96,1452.34,1730.65,1382.89,2035.57,1721.59,2544.49,1731.24,1877.82,1855.43,1498.63,1860.77,1676.27,2081.41,1723.7,1670.18,1991.25,1879.07,1680.14,1876.91,1361.14,1619.67,1710.15,2134.22,1930.75,1856.68,1812.58,2076.36,1311.51,1868.51,1854.43,1661.39
500,1980.31,2039.92,1623.22,1995.98,1675.19,1728.58,2021.73,1546.99,1786.08,1586.38,2267.65,2270.81,1756.05,2181.65,2124.85,2439.25,2246.22,1701.14,1834.9,2395.77,1841.56,1904.56,2277.89,2226.05,1847.24,2157.92,2556.25,1702.92,2147.05,2127.34,1497.06,2080.87,2101.18,1860.58,1755.82,1975.58,2016.65,1807.83,2478.5,2200.64,2209.69,2366.73,1777.98,2386.59,1870.88,1962.56,2034.72,2054.65,1943.72,2389.78,1790.03,1717.73,1664.74,1583.28,1896.38,1581.85,1693.64,2320.2,1836.47,1845.94,1674.47,2203.47,2044.68,2063.81,2629.42,2071.19,2088.9,2016.71,2129.76,1512.79,1812.98,1445.29,2128.22,1797.72,2654.55,1807.97,1957.54,1937.32,1564.58,1941.96,1750.84,2174.58,1793.98,1745.53,2079.17,1963.25,1753.23,1964.78,1422.36,1690.7,1787.23,2225.04,2009.47,1943.01,1894.64,2165.47,1372.32,1949.38,1934.52,1732.98
525,2063.46,2120.41,1692.66,2082.42,1743.14,1800.81,2104.67,1613.2,1862.56,1651.85,2361.38,2359.06,1829.69,2269.14,2210.65,2536.51,2337.26,1769.74,1906.16,2495.16,1915.56,1976.06,2369.96,2318.28,1925.24,2246.94,2655.81,1766.84,2233.74,2213.02,1555.93,2163.46,2185.18,1938.73,1826.48,2060.19,2095.66,1879.79,2571.81,2290.12,2296.37,2465.12,1854.04,2485.35,1945.6,2044.99,2118.72,2139.06,2025.96,2486.97,1858.17,1786.02,1734.44,1640.85,1975.61,1645.89,1765.44,2419.97,1915.29,1919.21,1744.43,2294.16,2130.87,2148.76,2734.83,2153.67,2174.47,2092.89,2219.26,1573.23,1893.18,1506.55,2214,1867.66,2760.24,1877.7,2030.66,2013.65,1625.2,2023.14,1823.01,2266.75,1862.45,1820.6,2164.14,2042.85,1826.31,2047.6,1481.44,1757.65,1861.25,2307.87,2088.19,2026.82,1976.22,2254.58,1432.42,2023.62,2009.49,1802.88
550,2141.1,2191.95,1759.34,2162.19,1808.73,1870.74,2183.16,1676.97,1935.54,1716.65,2447.94,2447.31,1898.04,2347.72,2296.27,2633.77,2425.41,1833.65,1976.61,2587.8,1989.56,2047.57,2458.97,2402.27,1998.8,2330.87,2755.37,1830.75,2312.53,2296.6,1612.69,2243.3,2266.18,2011.35,1893.19,2142.25,2173.01,1951.26,2663.21,2374.38,2380.68,2555.93,1924.99,2584.11,2019.24,2126.26,2201.43,2218.22,2103.93,2582.47,1925.61,1847.55,1804.14,1697.36,2050.27,1708.97,1835.86,2515.66,1989.45,1992,1810.67,2377.77,2216.45,2227.68,2840.09,2235.23,2256.2,2169.08,2307.67,1629.29,1971.39,1564.88,2299.78,1936.78,2865.92,1947.42,2103.78,2089.98,1685.59,2099.47,1893.89,2352.09,1929.24,1891.8,2244.08,2119.84,1893.47,2130.41,1538.54,1824.59,1932.68,2390.7,2160.25,2107.33,2053.84,2337.29,1489.89,2096.33,2084.46,1868
575,2217.41,2263.5,1823.63,2241.84,1870.26,1936.97,2261.66,1738.75,2006.36,1778.17,2534.49,2528.03,1966.39,2426.3,2377.89,2721.89,2506.85,1897.55,2040.11,2677.55,2059.84,2114.58,2541.22,2485.43,2072.36,2411.08,2849.31,1891.28,2389.78,2373.05,1668.33,2317.45,2340.85,2083.98,1956.94,2220.67,2248.97,2019.93,2754.61,2454.47,2464.21,2644.84,1995.34,2674.48,2090.72,2204.98,2281.68,2297.38,2179.68,2669.6,1985.85,1909.08,1868.88,1751.86,2122.84,1769.15,1903.67,2607.4,2062.49,2057.83,1876.91,2459.33,2295.85,2306.61,2934.09,2309.48,2337.94,2240.95,2393.07,1683.61,2047.81,1622.48,2380.89,2003.83,2961.5,2014.02,2172.04,2160.75,1742.34,2173.83,1959.71,2437.43,1989.79,1961.43,2324.02,2196.43,1960.28,2208.5,1593.79,1885.79,2002.65,2470.48,2229.48,2187.84,2129.56,2417.45,1546.76,2168,2153.14,1933.12
600,2291.19,2334.06,1887.33,2318.7,1931.78,2003.21,2333.71,1798.87,2075.96,1837.71,2616.41,2605.71,2030.23,2502.86,2455.45,2808.42,2588.3,1956.24,2103.6,2767.31,2126.8,2177.62,2623.48,2567.46,2140.8,2491.3,2937.12,1947.63,2467.04,2449.5,1719.19,2391.61,2415.51,2151.74,2020.68,2299.08,2317.77,2084.2,2836.04,2534.56,2539.08,2733.6,2062.58,2763.83,2156.86,2279.44,2356.89,2370.84,2254.01,2756.73,2046.1,1967.58,1933.47,1801.54,2194.06,1826.61,1968.82,2699.14,2132.86,2123.67,1937.42,2540.9,2375.24,2380.72,3028.09,2383.72,2412.14,2308.28,2474.16,1737.56,2121.22,1676.32,2458.61,2065.36,3055.47,2076.13,2236.39,2229.24,1796.73,2246.6,2025.54,2518.55,2050.35,2029.18,2397.82,2265.51,2023.99,2284.87,1646.38,1945.93,2067.83,2542.23,2298.72,2261.94,2203.46,2497.61,1600.46,2232.05,2219.95,1992.91
625,2360.1,2395.94,1945.95,2390.75,1988.35,2063.88,2403.93,1855.77,2140.54,1896.14,2693.42,2683.38,2092.09,2571.41,2533.01,2894.96,2666.11,2013.38,2164.76,2847.83,2193.75,2240.66,2702.08,2640.94,2207.24,2564.6,3024.92,2003.98,2535.11,2523.54,1770.06,2460.38,2487.07,2217.57,2077.68,2370.82,2386.57,2148.48,2915.08,2608.2,2613.95,2812.35,2126.64,2853.18,2223,2353.89,2432.1,2441.48,2322.68,2841.46,2104.79,2021.85,1994.46,1851.21,2259.46,1884.08,2033.35,2783.55,2199.53,2187.01,1997.67,2613.3,2450.45,2450.95,3121.92,2454.51,2485.44,2375.62,2555.24,1785.53,2194.12,1730.16,2536.32,2126.88,3149.44,2138.25,2300.75,2297.72,1851.11,2313.62,2087.22,2595.24,2108.2,2092.79,2469.09,2334.59,2084.06,2359.96,1698.39,2005.55,2133.02,2613.99,2361.61,2335.77,2272.69,2569.41,1654.15,2296.11,2286.77,2051.15
650,2429,2457.82,2004.56,2462.79,2043.11,2123.62,2474.14,1912.68,2205.11,1950.09,2770.42,2755.32,2153.77,2639.95,2604.11,2972.56,2737.47,2070.53,2220.34,2927.25,2254.89,2299.15,2774.03,2714.42,2273.67,2635.41,3109.28,2057.01,2602.52,2590.33,1818.05,2525.81,2552.05,2282.86,2134.2,2442.4,2453.55,2208.48,2994.11,2678.41,2687.84,2891.09,2190.69,2932.46,2285.65,2423.05,2502.5,2512.12,2391.34,2917.97,2157.1,2076.12,2053.52,1898.2,2324.86,1935.67,2092.8,2866.35,2266.2,2245.14,2055.64,2685.16,2522.43,2521.19,3204.02,2520.19,2558.74,2438.38,2630.19,1833.51,2262.21,1779.87,2606.73,2185.77,3233.6,2196.43,2360.29,2358.81,1899.37,2380.64,2146.26,2671.94,2160.81,2156.4,2540.37,2402.28,2144.14,2429.3,1746.22,2058.63,2193.56,2685.74,2421.22,2407.68,2341.92,2640.05,1703.91,2359.59,2345.95,2109.39
675,2493.22,2519.7,2060.57,2531.04,2097.87,2182.98,2537.27,1964.75,2266.16,2004.04,2843.02,2822.24,2208.94,2708.5,2673.17,3047.95,2808.83,2120.91,2275.93,3006.68,2314.43,2353.75,2845.98,2787.9,2333.7,2706.23,3185.09,2105.8,2669.92,2657.12,1862.95,2591.25,2617.03,2341.66,2190.71,2511.74,2513.67,2265.27,3069.46,2748.63,2753.14,2969.84,2249.1,3011.68,2344.02,2490.14,2569.73,2576.73,2456.41,2994.47,2209.41,2127.18,2111.92,1941.23,2387.15,1987.27,2152.26,2949.16,2327.47,2303.26,2109.64,2757.03,2594.41,2586.76,3286.13,2585.86,2623.44,2496.84,2703.35,1881.16,2330.29,1828.96,2675.94,2239.57,3315.42,2250.78,2415.94,2419.19,1947.63,2444.24,2205.3,2743.68,2213.42,2215.65,2605.22,2463.18,2199.41,2498.64,1794.06,2111.72,2252.2,2748.08,2480.83,2474.28,2406.62,2710.7,1753.52,2415.01,2404.45,2160.73
700,2554.54,2575.13,2113.24,2595.08,2147.4,2236.06,2598.97,2016.53,2324.19,2055,2910.33,2889.17,2264.1,2768.12,2742.23,3123.35,2880.12,2171.25,2330.82,3078.57,2373.97,2408.34,2917.94,2852.06,2392.66,2772.17,3260.9,2154.6,2731.5,2723.91,1907.84,2651.94,2682.01,2400.47,2240.35,2576.13,2573.78,2322.06,3136.34,2815.47,2818.44,3039.65,2306.58,3090.91,2402.38,2557.24,2636.97,2638.66,2517.74,3070.97,2261.73,2174.35,2165.23,1984.27,2445.21,2037.68,2208.79,3024.06,2387.45,2359.72,2163.64,2821.8,2660.37,2648.16,3368.24,2648.62,2688.02,2555.29,2776.52,1922.88,2394.7,1876.3,2745.15,2293.36,3397.23,2305.14,2471.58,2479.56,1995.49,2503.74,2259.36,2811.39,2265.75,2272.93,2667.65,2524.07,2252.62,2565.21,1838.96,2164.8,2310.84,2808.92,2539.25,2540.88,2469.01,2775.05,1800.62,2470.44,2462.95,2212.03
725,2615.85,2627.72,2165.9,2659.12,2195.4,2289.15,2660.67,2066.68,2382.21,2103.26,2977.64,2956.09,2319.02,2826.86,2805.42,3195.45,2941.55,2221.59,2378.76,3147.62,2428.31,2462.24,2980,2915.84,2451.63,2833.57,3336.7,2203.39,2789.28,2782.74,1950.35,2708.82,2738.74,2458.39,2289.71,2640.52,2633.9,2376.03,3203.23,2875.93,2883.75,3108.16,2364.05,3162.67,2458.97,2618.47,2699.72,2700.59,2579.08,3138.25,2307.51,2221.51,2218.54,2026.83,2503.27,2083.4,2262.37,3097.51,2447.43,2410.27,2214.7,2884,2724.66,2709.55,3443.49,2705.86,2752.61,2612.95,2842.7,1964.61,2457.11,1920.59,2807.48,2347.15,3475.49,2358.08,2526.53,2534.03,2037.77,2563.24,2311.52,2879.11,2310.79,2330.2,2730.07,2584.97,2305.84,2627.25,1881.99,2211.4,2363.52,2869.75,2589.7,2605.41,2531.4,2836.21,1845.95,2525.87,2516.14,2263.34
750,2672.98,2680.32,2215.73,2721.39,2243.4,2342.23,2718.37,2113.27,2436.4,2151.52,3044.95,3014.33,2367.58,2885.6,2866,3259.98,3002.97,2266.41,2426.7,3216.66,2480.47,2508.85,3041.83,2979.61,2505.88,2894.98,3405.69,2245.28,2847.06,2840.05,1989.48,2765.71,2794.29,2510.25,2339.06,2702.38,2687.05,2425.46,3270.12,2936.4,2942.74,3176.67,2415.46,3231.68,2509.7,2678.03,2758.92,2759.98,2637.06,3204.23,2352.27,2268.36,2270.09,2063.68,2559.11,2129.12,2315.94,3170.96,2501.31,2460.81,2262.48,2946.2,2788.95,2770.37,3513.97,2763.1,2811.29,2662.97,2907.75,2006.33,2519.52,1964.87,2868.21,2393.58,3545.47,2404.94,2573.97,2586.47,2080.06,2620.19,2363.68,2944.82,2355.84,2382.52,2789.73,2638.62,2355.12,2689.29,1925.03,2257.55,2415.59,2930.59,2640.14,2664.6,2588.55,2897.37,1891.29,2576.88,2566.59,2309.01
775,2726.85,2732.91,2262.45,2777.46,2288.83,2389.39,2771.78,2159.86,2487.87,2196.77,3103.01,3071,2416.14,2943.67,2926.57,3324.52,3064.4,2310.2,2474.64,3284.88,2532.63,2555.46,3103.66,3040.36,2557.43,2956.39,3470,2286.92,2904.83,2897.37,2028.6,2822.3,2849.84,2562.12,2384.62,2759.57,2738.81,2474.88,3335.13,2996.86,2998.86,3242.56,2466.37,3300.68,2560.44,2737.6,2818.12,2813.48,2691.14,3270.22,2397.04,2308.87,2317.68,2100.54,2609.99,2174.6,2366,3239.84,2554.59,2511.35,2310.25,3008.16,2848.14,2823.25,3584.45,2820.35,2867.35,2712.99,2972.79,2044.56,2576.22,2006.36,2928.94,2439.91,3615.46,2451.8,2621.4,2638.9,2122.34,2672.35,2412.81,3003.72,2400.88,2433.43,2843.61,2691.5,2401.66,2749.52,1964.19,2303.71,2467.67,2982.94,2690.59,2723.78,2644.06,2958.53,1932.34,2624.17,2617.05,2353.64
800,2780.71,2779.66,2309.16,2833.53,2330.38,2435.95,2825.19,2204.45,2539.33,2239.46,3160.98,3127.66,2464.69,2993.32,2985.55,3389.05,3124.74,2353.99,2519.9,3344.03,2583.43,2602.06,3165.04,3094.92,2608.97,3010.57,3534.32,2328.56,2956.13,2954.68,2067.72,2871.17,2905.39,2613.99,2427.2,2816.76,2790.56,2524.31,3390.83,3052.69,3054.99,3301.32,2517.28,3369.69,2611.18,2793.71,2876.54,2866.98,2745.21,3336.2,2441.8,2349.38,2365.28,2137.39,2660.88,2214.68,2413.74,3304.01,2607.87,2557.25,2356.79,3061.22,2904.83,2876.13,3654.93,2870.86,2923.4,2763.02,3033.18,2080.42,2632.8,2045.92,2986.87,2486.25,3685.44,2498.67,2668.83,2690.61,2160.55,2724.5,2458.3,3062.61,2444.66,2484.34,2897.48,2744.38,2448.2,2804.32,2002.53,2347.73,2514.94,3033.69,2741.04,2782.96,2699.56,3011.14,1973.37,2671.45,2667.51,2398.27
825,2833.94,2823.79,2355.07,2889.6,2371.93,2482.52,2878.61,2245.97,2589.16,2282.16,3218.96,3184.33,2509.22,3042.98,3038.02,3451.37,3176.88,2396.4,2560.79,3403.18,2628.56,2648.31,3217.43,3149.48,2660.52,3063.05,3598.64,2370.2,3004.97,3004.34,2102.03,2920.04,2953.59,2660.62,2469.78,2873.76,2842.31,2568.74,3446.53,3104.04,3111.11,3360.07,2564.31,3429.06,2658.07,2845.92,2928.01,2920.49,2799.08,3392.34,2479.87,2389.89,2411.94,2173.14,2711.76,2254.76,2461.48,3368.18,2656.91,2600.68,2398.6,3114.28,2961.52,2929.01,3718.82,2920.17,2979.46,2812.25,3090.27,2116.28,2689.12,2085.48,3039.5,2531.9,3753.16,2543.15,2716.1,2735.6,2197.22,2776.66,2503.8,3121.51,2482.81,2532.13,2951.36,2796.17,2494.53,2859.12,2040.87,2387.37,2560.7,3084.43,2783.5,2835.46,2751.7,3063.34,2013.85,2718.74,2711.39,2441.49
850,2880.78,2867.91,2396.06,2941.8,2413.49,2527.1,2927.25,2287.49,2634.32,2323.95,3276.93,3236.4,2551.51,3092.64,3090.5,3505.87,3229.02,2434.13,2601.68,3462.33,2673.7,2687.69,3269.82,3204.04,2705.37,3115.54,3660.4,2406.03,3053.82,3052.85,2135.79,2968.91,3000.44,2705.91,2512.36,2924,2887.03,2611.23,3502.23,3155.38,3161.2,3418.83,2608.92,3488.29,2701.65,2898.12,2979.48,2971,2846.26,3448.45,2517.77,2429.85,2454.03,2204.44,2757.52,2294.84,2507.22,3432.35,2703.74,2644.11,2440.42,3167.34,3017.15,2981.47,3778.52,2969.47,3028.35,2854.6,3147.37,2152.14,2739.93,2122.82,3092.14,2571.37,3812.22,2583.09,2756.12,2780.6,2233.89,2823.25,2549.29,3177.02,2520.97,2576.89,3002.16,2841.54,2534.82,2913.92,2076.09,2427.02,2606.45,3135.18,2825.65,2887.38,2800.54,3115.54,2050.67,2762.96,2754.41,2479.94
875,2927.63,2912.04,2437.05,2990.28,2452.06,2567.52,2972.95,2328.43,2679.48,2361.38,3326.52,3283.77,2593.81,3142.3,3142.97,3560.36,3281.16,2471.85,2642.57,3521.48,2718.83,2727.07,3322.21,3257.86,2749.88,3168.02,3714.27,2441.2,3102.67,3101.35,2169.55,3017.78,3047.29,2751.19,2551.08,2974.25,2931.09,2653.73,3557.93,3206.72,3208.9,3476.93,2653.52,3547.53,2745.23,2950.33,3030.95,3016.7,2893.44,3504.56,2555.66,2464.35,2496.12,2235.75,2801.66,2332.59,2549.36,3490.74,2750.57,2687.53,2482.23,3220.41,3066.61,3026.5,3838.21,3018.78,3076.43,2896.95,3204.46,2184.93,2790.74,2157.87,3144.78,2610.83,3871.28,2623.04,2796.15,2825.6,2270.56,2868.5,2590.38,3227.63,2559.12,2621.65,3048.13,2886.92,2575.11,2963.79,2109.99,2466.66,2651.12,3185.73,2867.81,2939.29,2849.39,3167.74,2087.49,2802.88,2797.44,2518.39
900,2974.47,2956.17,2478.04,3038.77,2487.69,2607.95,3018.65,2365.13,2724.64,2398.81,3375.9,3331.14,2636.11,3187.57,3194.2,3614.86,3333.31,2509.58,2683.21,3573.08,2763.06,2766.44,3374.6,3304.04,2794.38,3216.65,3768.14,2476.36,3150.39,3149.86,2203.31,3059.77,3094.13,2796.47,2587.49,3024.5,2975.14,2696.23,3611.61,3258.07,3256.6,3526.78,2698.13,3606.76,2788.81,2997.71,3081.5,3062.39,2940.63,3560.68,2593.56,2498.85,2538.21,2267.06,2845.81,2367.42,2591.5,3546.12,2797.4,2727.72,2521.38,3267.81,3116.07,3071.53,3897.91,3062.35,3124.51,2939.3,3255.1,2215.47,2841.55,2192.93,3194.77,2650.3,3930.35,2662.98,2836.18,2870.6,2302.73,2913.76,2629.66,3278.24,2597.27,2666.41,3094.1,2932.29,2615.39,3011.68,2143.88,2505.55,2690.98,3227.58,2909.96,2990.58,2898.24,3214.96,2124.31,2842.8,2840.46,2556.83
925,3020.61,2993.43,2517.19,3087.25,2523.32,2648.38,3064.35,2401.84,2767.02,2436.24,3425.28,3378.52,2674.07,3229.16,3239.23,3669.35,3380.96,2547.11,2717.81,3623.21,2801.75,2805.82,3423.52,3350.22,2838.89,3261.03,3822.01,2511.53,3191.29,3196.96,2233.07,3101.41,3140.44,2835.77,2623.9,3073.13,3019.19,2735.8,3657.49,3301.28,3304.3,3576.63,2737.81,3660.37,2830.83,3043,3125.82,3108.09,2987.14,3612.88,2629.14,2533.36,2577.08,2298.37,2889.96,2402.26,2633.64,3601.5,2838.41,2764.7,2557.67,3312.61,3165.53,3116.56,3957.61,3104.45,3172.58,2981.65,3304.71,2246.02,2888,2227.96,3239.97,2689.76,3989.41,2702.92,2876.2,2909.85,2334.3,2959.02,2668.94,3328.85,2631.56,2706.61,3140.07,2977.67,2655.68,3059.58,2177.04,2539.3,2730.84,3269.44,2952.12,3035.64,2942.02,3259.04,2157.33,2882.73,2880.43,2595.09
950,3061.04,3030.14,2552.85,3134.23,2558.96,2687.69,3109.34,2438.55,2806.31,2472.04,3474.67,3425.89,2710.62,3270.74,3284.26,3720.35,3424.78,2579.39,2752.41,3673.34,2840.44,2843.43,3467.47,3396.4,2878.98,3305.42,3875.88,2546.22,3232.19,3237.61,2261.99,3143.04,3179.59,2874.99,2660.3,3116.9,3061.1,2772.02,3703.37,3344.45,3351.63,3626.48,2776.56,3710.66,2867.94,3088.28,3170.13,3153.78,3027.98,3660.11,2660.99,2567.86,2614.03,2326.52,2929.94,2437.1,2672.19,3656.87,2879.23,2801.68,2593.97,3357.41,3214.24,3161.59,4008.4,3146.56,3217.22,3021.33,3354.31,2276.56,2933.27,2258.84,3285.18,2725.93,4044.95,2737.71,2914.8,2948.14,2365.87,2999.66,2708.23,3379.46,2663.64,2745.63,3186.05,3017.81,2690.69,3107.47,2206.83,2573.06,2770.7,3311.29,2987.19,3080.71,2984.64,3303.13,2190.14,2922.65,2916.82,2627.98
975,3101.47,3066.85,2588.51,3175.75,2594.59,2722.52,3148.11,2473.35,2845.6,2504.64,3521.97,3470.89,2747.17,3312.33,3329.29,3765.95,3468.61,2611.66,2787.01,3723.47,2879.13,2876.48,3511.43,3442.59,2917.05,3349.8,3929.22,2575.71,3273.1,3278.26,2290.92,3184.67,3218.73,2914.22,2696.54,3160.67,3098.31,2808.24,3749.25,3387.62,3391.86,3676.33,2815.32,3760.95,2905.06,3133.57,3214.45,3193.88,3068.82,3707.35,2692.84,2599.94,2650.97,2352.98,2967.95,2470.46,2709.12,3710.51,2920.04,2838.67,2630.26,3402.21,3257.05,3204.22,4058.5,3188.66,3258.1,3056.94,3403.92,2307.11,2978.53,2289.72,3330.38,2759.28,4094.34,2771.48,2948.36,2986.43,2397.44,3038.63,2745.39,3422.81,2695.72,2784.64,3226.48,3056.42,2725.31,3151.06,2236.61,2606.81,2810.08,3353.15,3022.13,3125.78,3027.26,3347.22,2222.95,2959.11,2953.22,2660.87
1000,3141.89,3103.56,2624.17,3217.28,2625.13,2757.35,3186.89,2505.61,2884.88,2537.24,3563.71,3510.17,2783.73,3353.91,3374.32,3811.54,3512.43,2643.94,2821.62,3773.61,2917.82,2909.52,3555.39,3488.14,2955.13,3394.19,3973.97,2605.2,3314,3318.92,2319.84,3225.26,3257.87,2953.44,2727.48,3204.45,3135.52,2844.45,3795.13,3430.79,3432.1,3725.09,2854.07,3811.24,2942.17,3176.63,3258.77,3232.6,3109.65,3754.58,2724.69,2629.17,2687.92,2379.45,3005.96,2500.56,2746.05,3757.87,2960.86,2875.65,2665.57,3447.01,3299.86,3242.27,4108.6,3230.35,3298.98,3092.54,3449.53,2333.61,3023.07,2320.6,3375.58,2792.63,4143.73,2805.26,2981.92,3024.72,2427.1,3077.61,2779.07,3465.92,2727.81,2823.66,3265.41,3095.02,2759.93,3192.59,2266.39,2640.56,2844.6,3395.01,3057.08,3170.84,3069.88,3391.31,2254.34,2992.59,2989.61,2693.77
1025,3182.32,3140.27,2659.83,3258.8,2655.49,2792.18,3225.67,2537.86,2923.5,2569.84,3605.46,3549.45,2818.93,3394.53,3416.18,3857.14,3556.26,2676.21,2856.22,3817.11,2954.11,2942.56,3599.34,3526.95,2993.2,3436.03,4018.71,2634.69,3354.91,3359.57,2348.4,3260.53,3297.01,2989.36,2758.42,3248.22,3172.73,2880.67,3841.01,3473.96,3472.33,3767.08,2890.16,3861.53,2979.28,3215.62,3299.75,3271.32,3150.49,3801.82,2756.53,2658.4,2722.06,2405.92,3043.98,2530.65,2782.98,3805.22,2997.6,2909.03,2696.89,3487.84,3342.67,3280.31,4158.7,3266.1,3339.87,3128.14,3492.3,2359.48,3063.13,2351.25,3416.01,2825.98,4193.13,2839.04,3015.47,3063,2454.14,3116.59,2812.75,3509.04,2759.89,2859.86,3304.33,3133.63,2794.55,3234.11,2295.52,2673.29,2879.11,3435.48,3092.02,3211.62,3109.15,3431.97,2283.41,3026.08,3026.01,2726.66
1050,3219.85,3174.44,2690.72,3300.33,2685.85,2827.01,3264.45,2570.11,2957.46,2602.44,3647.2,3588.73,2850.35,3429.16,3454.57,3902.73,3599.35,2707.8,2885.81,3859.3,2987.06,2975.6,3643.3,3565.77,3031.28,3473.31,4063.45,2664.18,3391.21,3400.22,2373.07,3295.8,3336.15,3023.16,2789.36,3286.57,3209.94,2914.26,3884.66,3512.63,3512.56,3809.07,2923.62,3907.83,3015.25,3254.61,3337.64,3310.04,3188.05,3848.71,2788.38,2687.63,2754.31,2432.38,3081.99,2560.75,2817.51,3852.58,3032.97,2940.35,2728.2,3525.41,3385.47,3318.35,4208.8,3301.85,3380.75,3163.74,3535.08,2385.35,3103.2,2378.33,3454.58,2859.32,4242.52,2872.82,3049.03,3096.12,2481.18,3155.46,2846.43,3552.15,2790.74,2893.65,3343.25,3172.23,2828.35,3275.64,2321.57,2701.86,2913.63,3469.79,3126.97,3250.44,3146.11,3468.96,2312.49,3059.56,3061,2758.87
1075,3254.56,3198.81,2721.56,3340.58,2716.2,2859.76,3303.22,2601.45,2991.43,2630.94,3688.94,3628.01,2881.77,3463.79,3492.96,3948.33,3635.96,2735.3,2914.95,3901.48,3020.02,3008.64,3680.75,3604.58,3065.33,3510.58,4108.19,2693.67,3425.26,3436.9,2397.74,3331.07,3372.93,3056.95,2820.3,3324.48,3247.15,2944.94,3918.58,3548.7,3552.79,3851.06,2957.09,3950.21,3046.67,3293.59,3375.53,3348.76,3223.19,3885.7,2812.72,2716.86,2786.57,2457.65,3114.84,2590.85,2849.7,3899.93,3068.33,2971.67,2759.52,3562.98,3425.54,3356.4,4255.87,3337.6,3419.83,3199.34,3577.85,2411.22,3143.26,2405.41,3493.15,2891.91,4291.91,2903.85,3082.58,3128.52,2508.22,3188.41,2880.11,3595.26,2817.61,2927.45,3382.17,3207.05,2857.95,3316.99,2347.63,2730.43,2948.15,3504.09,3161.91,3289.26,3183.06,3505.95,2341.56,3093.04,3091.47,2786.88
1100,3289.28,3223.18,2752.39,3375.92,2746.56,2889.61,3337.23,2629.66,3025.4,2659.19,3730.69,3667.29,2913.18,3498.41,3531.35,3989.09,3672.57,2762.79,2944.09,3943.66,3052.98,3038.43,3717.41,3643.4,3097.7,3547.86,4152.94,2720.87,3459.32,3470.77,2422.41,3366.35,3405.45,3090.75,2851.24,3362.38,3279.18,2975.63,3952.51,3584.77,3587.64,3893.05,2990.56,3992.6,3078.09,3332.58,3413.43,3384.46,3258.34,3922.68,2836.42,2746.05,2818.82,2479.97,3147.41,2616.83,2881.89,3947.07,3103.7,3002.98,2790.83,3600.55,3462.38,3394.44,4297.69,3373.35,3454.4,3224.54,3620.63,2437.09,3183.16,2432.48,3531.73,2919.95,4336.45,2932.28,3110.73,3160.92,2535.26,3221.36,2912.15,3633.36,2844.48,2961.24,3418.9,3239.71,2887.56,3352.79,2373.69,2759.01,2980.87,3538.39,3190.86,3328.08,3220.01,3542.94,2369.4,3126.53,3121.93,2814.9
1125,3323.99,3247.55,2783.23,3411.26,2773.97,2919.46,3369.96,2657.87,3059.36,2687.45,3764.94,3706.25,2944.6,3533.04,3569.74,4027.03,3709.18,2790.28,2973.24,3985.84,3085.94,3066.06,3754.07,3682.22,3130.06,3585.13,4197.68,2743.7,3493.38,3504.63,2447.08,3401.62,3437.97,3124.55,2874.81,3400.28,3310.46,3006.31,3986.43,3620.84,3617.54,3935.04,3024.03,4034.99,3109.52,3369.81,3451.32,3415.79,3293.49,3959.66,2860.12,2770.74,2851.08,2502.29,3179.97,2639.2,2914.07,3987.32,3139.06,3034.3,2821.1,3638.12,3499.22,3427.81,4339.5,3409.1,3488.97,3247.15,3659.53,2459.18,3218.46,2459.56,3570.3,2948,4377.54,2960.7,3133.56,3193.32,2561.35,3254.31,2940.89,3669.87,2871.34,2995.03,3451.7,3272.37,2917.16,3388.59,2399.74,2787.58,3010.64,3572.7,3219.71,3366.9,3256.96,3579.92,2395.05,3150.4,3152.4,2842.92
1150,3358.7,3271.92,2814.07,3446.6,2799.73,2949.31,3402.69,2686.09,3092.84,2715.7,3796.28,3733.62,2975.82,3567.66,3608.13,4064.97,3745.79,2817.77,3002.38,4028.03,3118.89,3093.68,3790.72,3719.73,3162.43,3622.41,4236.07,2766.53,3527.44,3538.5,2471.75,3429.89,3470.5,3155.74,2894.14,3438.18,3341.75,3037,4020.35,3656.91,3647.43,3975.06,3055.2,4077.37,3140.94,3403.2,3488.47,3447.13,3328.64,3996.65,2883.83,2795.43,2876.66,2524.61,3212.54,2661.58,2946.26,4027.57,3170.1,3065.61,2848.02,3675.69,3536.06,3459.8,4381.32,3442.06,3523.54,3269.77,3696.23,2472.67,3253.76,2484.69,3607.13,2976.04,4418.62,2989.13,3156.39,3225.72,2584.25,3287.27,2969.63,3706.38,2898.21,3025.88,3484.49,3305.03,2946.76,3424.39,2422.76,2816.15,3040.42,3607,3248.56,3402.52,3290.22,3616.91,2420.71,3170.77,3182.87,2870.94
1175,3391.64,3296.28,2840.79,3481.93,2825.49,2979.16,3435.42,2714.3,3122.08,2743.96,3827.62,3760.99,3002.73,3602.29,3640.81,4102.91,3782.4,2845.27,3031.53,4057.13,3143.84,3121.31,3827.38,3749.46,3194.79,3655.44,4273.07,2789.36,3561.5,3572.37,2493.01,3451.97,3503.02,3184.77,2913.48,3471.18,3373.03,3067.68,4054.27,3692.98,3677.33,4010.29,3083.99,4119.76,3172.37,3436.6,3520.73,3478.47,3359.91,4033.63,2907.53,2820.13,2902.21,2546.93,3245.11,2683.96,2975.4,4067.81,3200.62,3091.87,2874.93,3710.57,3572.9,3491.79,4423.14,3472.32,3558.12,3292.38,3732.93,2486.15,3289.05,2508.37,3639.92,3004.09,4459.71,3017.56,3179.22,3258.09,2607.15,3320.22,2998.36,3742.89,2925.08,3055.03,3517.28,3337.68,2976.37,3460.2,2443.87,2842.1,3070.19,3641.31,3277.4,3435.79,3322.13,3651.61,2446.36,3191.14,3213.34,2898.96
1200,3415.58,3320.65,2867.35,3517.27,2851.25,3009.01,3468.15,2740.93,3151.33,2764.62,3858.95,3788.36,3029.64,3628.98,3673.42,4140.85,3819.01,2871.07,3053.73,4084.72,3167.76,3148.93,3864.03,3779.2,3227.16,3677,4310.06,2812.19,3594.14,3606.23,2511.32,3474.05,3535.54,3213.8,2932.81,3503.87,3404.31,3095.33,4088.19,3725.8,3707.23,4045.52,3112.78,4159.18,3200.99,3469.99,3552.98,3509.8,3383.14,4070.62,2931.23,2844.82,2927.76,2569.25,3275.59,2706.33,3003.35,4108.06,3231.14,3117.52,2901.85,3741.97,3608.98,3523.79,4464.96,3502.58,3592.69,3314.99,3769.63,2499.63,3324.35,2532.04,3672.71,3032.13,4500.79,3045.98,3202.05,3285.43,2630.05,3345.13,3027.1,3779.41,2951.95,3084.17,3550.07,3370.34,2998.05,3496,2464.99,2863.78,3099.96,3674.58,3306.25,3469.05,3354.03,3682.53,2472.02,3211.51,3243.53,2924.46
1225,3439.52,3345.02,2893.91,3548.53,2877.01,3032.87,3500.88,2765.54,3180.58,2784.34,3890.29,3815.74,3056.56,3651.54,3706.03,4178.79,3850.88,2894.44,3074.73,4112.31,3191.68,3176.56,3896.16,3808.93,3255.33,3698.56,4347.06,2835.03,3615.55,3640.1,2529.62,3496.13,3568.07,3242.83,2952.15,3536.55,3435.59,3120.88,4122.11,3747.61,3737.13,4080.75,3141.57,4194.75,3221.54,3503.38,3585.23,3541.14,3406.37,4101.47,2954.94,2869.51,2953.31,2591.57,3303.42,2728.71,3031.3,4148.31,3261.66,3143.16,2928.77,3773.36,3632.82,3555.78,4506.77,3532.85,3625.28,3337.61,3806.32,2513.12,3357.9,2555.72,3705.5,3060.18,4541.88,3071.79,3224.88,3312.77,2652.95,3361.34,3055.84,3815.92,2968.71,3113.32,3582.86,3394.98,3014.45,3528.49,2486.11,2885.45,3129.73,3692.62,3335.1,3502.31,3385.93,3713.45,2495.15,3231.88,3258.11,2946.28
1250,3463.46,3364.96,2920.47,3571.19,2902.77,3055.65,3526.62,2790.15,3209.82,2804.06,3921.63,3843.11,3083.47,3674.11,3738.63,4216.73,3879.62,2917.81,3095.74,4139.9,3215.61,3204.18,3916.25,3838.67,3282.74,3720.13,4384.05,2857.86,3636.96,3659.02,2547.92,3518.21,3595.38,3271.86,2971.49,3569.24,3461.84,3146.43,4149.08,3769.41,3767.02,4115.98,3170.35,4230.32,3242.1,3536.77,3617.49,3572.48,3429.6,4119.57,2967.88,2894.2,2978.86,2603.03,3331.24,2745.92,3059.26,4188.55,3292.18,3168.81,2955.68,3804.75,3656.66,3587.77,4534.99,3563.11,3646.93,3360.22,3843.02,2526.6,3388.75,2579.39,3738.29,3078.42,4582.96,3086.77,3247.71,3340.11,2675.85,3377.55,3078.52,3846.41,2982.87,3142.47,3615.65,3413.65,3030.86,3559.24,2507.23,2907.12,3148.1,3710.66,3363.95,3535.57,3417.83,3744.38,2517.73,3252.25,3272.7,2968.1
1275,3487.4,3377.79,2947.02,3593.85,2924.2,3078.43,3545.39,2814.76,3239.07,2823.77,3952.97,3870.48,3110.38,3696.67,3771.24,4242.77,3908.36,2941.18,3116.74,4167.49,3239.53,3221.92,3936.34,3868.4,3310.15,3741.69,4421.05,2878.77,3658.37,3675.81,2566.23,3540.28,3617.24,3300.89,2990.82,3601.92,3480.81,3171.98,4165.19,3791.22,3790.25,4151.21,3199.14,4265.89,3262.65,3568.02,3649.74,3590.13,3452.83,4137.67,2980.28,2911.52,2999.32,2613.95,3359.07,2758.16,3087.21,4216.63,3319.83,3194.45,2980.77,3836.15,3680.49,3617.3,4558.05,3593.37,3668.58,3382.81,3864.77,2540.08,3419.6,2601.69,3771.08,3093.13,4610.2,3101.74,3270.54,3367.44,2697.11,3393.76,3092.93,3873.16,2997.02,3171.61,3633.55,3432.33,3047.26,3590,2526.52,2928.79,3165.65,3728.7,3383.8,3568.84,3449.16,3775.3,2540.31,3272.62,3287.28,2989.92
1300,3511.34,3390.62,2972.85,3616.52,2938.5,3101.21,3564.15,2839.37,3264.24,2843.49,3973.88,3897.85,3137.29,3719.24,3803.85,4264.22,3937.11,2964.55,3137.75,4195.08,3263.45,3237.47,3956.44,3898.14,3337.56,3763.26,4458.04,2890.22,3679.78,3692.59,2584.53,3562.36,3639.09,3320.6,3009.26,3632.61,3499.79,3197.53,4181.3,3813.03,3805.84,4186.44,3219.35,4301.47,3283.21,3596.54,3681.99,3605.82,3476.06,4155.78,2992.69,2923.38,3012.88,2624.87,3386.9,2770.4,3114.34,4243.85,3340.35,3220.1,3003.86,3867.54,3704.33,3633.58,4581.11,3623.63,3690.24,3395.5,3884.57,2553.57,3450.45,2622.35,3803.87,3107.84,4629.9,3116.71,3284.67,3394.78,2708.08,3409.97,3107.35,3899.91,3011.18,3195.89,3650.29,3451.01,3063.66,3620.76,2537.35,2950.46,3183.2,3746.74,3400.31,3593.34,3475.99,3806.22,2562.89,3292.99,3301.87,3011.73
1325,3535.28,3403.45,2994.01,3639.18,2952.8,3123.99,3582.92,2863.98,3279.11,2863.21,3990.01,3925.22,3153.31,3741.81,3827.87,4285.67,3965.85,2987.92,3158.75,4222.66,3287.37,3253.03,3976.53,3927.88,3364.98,3784.82,4490.55,2901.66,3701.19,3709.38,2602.83,3584.44,3660.95,3335.88,3020.82,3653.81,3518.76,3223.07,4197.41,3834.83,3821.44,4219.04,3235.4,4337.04,3303.76,3625.06,3702.77,3621.51,3499.29,4173.88,3005.09,2935.24,3026.45,2635.79,3414.72,2782.64,3138.57,4271.06,3360.86,3245.74,3026.95,3898.94,3728.17,3649.86,4604.17,3638.79,3711.89,3408.19,3904.36,2567.05,3481.3,2643.02,3822.55,3122.55,4649.6,3131.69,3297.07,3422.12,2719.06,3426.18,3121.76,3926.66,3025.34,3219.95,3667.03,3469.68,3080.07,3651.52,2548.17,2972.13,3200.75,3764.78,3416.82,3612.38,3502.83,3837.15,2585.47,3309.19,3316.45,3033.55
1350,3557.91,3416.28,3015.17,3661.84,2967.1,3146.76,3601.68,2885.54,3293.98,2880.35,4006.13,3943.39,3168.92,3764.37,3844.41,4307.12,3994.59,3011.29,3179.76,4250.25,3302.99,3268.59,3996.62,3947.49,3392.39,3806.39,4511.87,2913.1,3722.6,3726.17,2616.89,3600.43,3682.8,3351.16,3032.39,3675.01,3537.74,3248.62,4213.52,3856.64,3837.03,4246.5,3251.45,4372.61,3324.32,3653.58,3720.84,3637.21,3520.1,4191.98,3017.49,2947.1,3040.01,2646.71,3442.47,2794.88,3162.8,4298.28,3381.38,3258.65,3050.03,3928.34,3752,3666.15,4627.23,3653.44,3733.54,3420.88,3924.15,2576.89,3510.44,2663.69,3840.45,3137.25,4669.3,3146.66,3309.47,3448.96,2730.03,3442.39,3136.18,3953.41,3039.49,3244.01,3683.77,3488.36,3096.47,3682.28,2559,2993.21,3218.3,3782.81,3433.33,3631.42,3529.66,3866.69,2603.55,3320.82,3331.04,3055.37
1375,3571.91,3429.11,3036.32,3684.5,2981.4,3169.54,3620.45,2906.97,3308.85,2891.95,4022.26,3957.24,3184.53,3786.94,3860.95,4328.57,4023.34,3027.36,3200.76,4268.04,3316.24,3284.15,4016.71,3962.52,3419.8,3827.95,4533.19,2924.54,3744,3742.96,2626.68,3613.34,3704.66,3366.44,3043.96,3696.22,3556.71,3266.61,4229.63,3878.45,3852.62,4273.96,3267.5,4404.53,3344.87,3682.09,3738.9,3652.9,3534.05,4210.08,3029.89,2958.96,3053.58,2657.63,3457.27,2807.12,3187.03,4325.49,3401.89,3271.23,3073.12,3944.32,3775.84,3682.43,4650.3,3668.09,3755.19,3433.57,3943.94,2585.83,3525.87,2684.35,3858.34,3151.96,4689,3161.64,3321.86,3467.53,2741.01,3458.6,3150.59,3980.16,3053.65,3268.07,3700.51,3507.04,3112.87,3707.42,2569.83,3004.53,3235.84,3800.85,3449.84,3650.46,3556.5,3882.37,2619.42,3332.45,3345.62,3073.78
1400,3585.91,3441.94,3057.48,3707.16,2995.7,3182.67,3639.21,2928.41,3323.71,2903.55,4038.38,3971.09,3200.14,3809.5,3877.49,4350.02,4052.08,3039.97,3212.3,4282.98,3329.48,3299.71,4036.8,3977.55,3434.44,3846.07,4554.51,2935.99,3765.41,3759.75,2636.48,3626.26,3726.51,3381.72,3055.52,3717.42,3575.69,3278.95,4245.74,3900.26,3868.22,4301.42,3283.54,4423.08,3364.14,3710.61,3756.97,3668.59,3548,4228.19,3042.29,2970.82,3067.14,2668.55,3472.08,2819.36,3211.26,4352.7,3422.41,3283.81,3096.21,3960.29,3792.88,3698.71,4673.36,3682.74,3776.85,3446.26,3963.74,2594.76,3541.3,2705.02,3876.23,3166.67,4708.7,3176.61,3334.26,3486.1,2751.98,3474.81,3165.01,4006.91,3067.81,3292.14,3717.25,3525.71,3127.18,3724.8,2580.66,3015.85,3253.39,3818.89,3466.35,3669.5,3583.34,3898.06,2635.3,3344.07,3360.2,3085.08
1425,3599.91,3454.77,3078.64,3727.71,3010,3194.85,3657.98,2949.85,3338.58,2915.16,4054.51,3984.93,3215.74,3824.4,3894.03,4371.47,4072.94,3052.59,3223.8,4297.93,3342.73,3315.27,4056.89,3992.58,3448.25,3858.49,4575.83,2947.43,3786.82,3776.53,2646.28,3639.17,3748.37,3397,3067.09,3738.62,3594.66,3291.3,4261.85,3921.35,3883.81,4328.88,3299.59,4441.63,3375.92,3739.13,3775.03,3684.28,3561.95,4246.29,3054.69,2982.68,3080.71,2679.47,3486.88,2831.6,3235.49,4379.92,3442.92,3296.38,3119.3,3976.26,3807.18,3714.99,4696.42,3697.38,3798.5,3458.95,3983.53,2603.7,3556.73,2720.07,3894.12,3181.38,4728.4,3191.59,3346.66,3504.67,2762.96,3486.79,3179.43,4033.65,3081.96,3316.2,3733.99,3544.39,3137.93,3742.19,2591.48,3027.17,3269.77,3836.93,3482.85,3688.54,3610.17,3913.74,2651.17,3355.7,3374.79,3096.38
1450,3613.91,3467.6,3099.8,3740.78,3024.3,3207.03,3676.75,2971.28,3353.45,2926.76,4070.63,3998.78,3231.35,3836.59,3910.56,4392.92,4087.18,3065.2,3235.31,4312.87,3355.98,3330.83,4076.98,4007.61,3462.05,3870.91,4597.15,2958.87,3799.73,3793.32,2656.07,3652.09,3770.22,3412.28,3078.65,3759.83,3613.63,3303.64,4277.96,3933.53,3899.4,4356.34,3315.64,4460.17,3387.7,3760.03,3793.09,3699.98,3575.9,4264.39,3067.09,2994.54,3094.27,2690.39,3501.69,2843.84,3259.72,4407.13,3463.44,3308.96,3133.93,3992.24,3821.47,3731.28,4719.48,3712.03,3814.63,3471.64,4003.32,2612.63,3572.16,2731.73,3912.02,3196.08,4748.11,3206.56,3359.06,3523.25,2773.93,3497.88,3193.84,4051.24,3096.12,3337.66,3750.73,3557.82,3148.69,3759.58,2602.31,3038.49,3281.35,3854.97,3499.36,3707.58,3630.04,3929.42,2667.04,3367.33,3389.05,3107.69
1475,3627.91,3480.44,3120.19,3753.85,3038.6,3219.21,3693.12,2992.72,3368.32,2938.36,4086.76,4012.63,3246.96,3848.78,3927.1,4414.37,4101.42,3077.82,3246.81,4327.81,3369.22,3346.39,4094.4,4022.65,3475.85,3883.33,4618.47,2970.31,3811.5,3810.11,2665.87,3665,3790.31,3427.56,3090.22,3781.03,3630.87,3315.99,4294.07,3945.72,3915,4383.8,3331.68,4478.72,3399.47,3775.27,3811.16,3715.67,3589.85,4282.49,3079.49,3006.4,3107.17,2701.3,3516.49,2853.59,3274.34,4424.88,3477.34,3321.53,3146.07,4008.21,3835.77,3747.56,4742.54,3726.68,3827.14,3484.33,4021,2621.57,3587.59,2743.39,3929.91,3210.79,4767.81,3218.51,3371.46,3541.82,2784.91,3508.96,3207.03,4065.57,3105.44,3349.82,3767.46,3569.12,3159.45,3776.97,2613.09,3049.81,3292.92,3872.83,3515.87,3726.62,3643.49,3945.11,2682.92,3378.96,3398.68,3118.99
1500,3641.91,3493.27,3131.19,3766.92,3052.34,3231.39,3704.39,3007.27,3383.19,2949.97,4102.88,4026.48,3262.57,3860.97,3943.64,4435.82,4115.67,3090.43,3258.31,4342.76,3382.47,3361.94,4106.09,4037.68,3489.65,3895.75,4639.79,2981.76,3823.27,3825.3,2675.67,3677.91,3801.96,3442.84,3101.78,3799.19,3641.96,3328.33,4310.18,3957.91,3930.59,4411.26,3346.83,4497.27,3411.25,3790.51,3829.22,3731.36,3603.8,4293.48,3090.53,3018.26,3117.13,2709.09,3531.3,2862.16,3287.8,4439.91,3489.91,3334.11,3158.21,4024.18,3850.06,3763.84,4756.47,3741.33,3839.64,3497.02,4033.72,2630.5,3603.02,2755.05,3947.8,3220.46,4787.51,3227.99,3383.86,3560.39,2795.88,3520.04,3216.87,4079.89,3114.45,3361.99,3784.2,3580.42,3170.21,3794.35,2621.88,3061.14,3304.5,3882.14,3532.38,3745.66,3656.94,3960.79,2698.34,3390.59,3408.31,3130.29
1525,3655.91,3506.1,3142.18,3779.98,3061.67,3243.57,3715.65,3018.68,3396.43,2961.57,4119,4040.32,3277.15,3873.16,3960.18,4453.02,4129.91,3103.05,3269.82,4357.7,3395.71,3372.73,4117.77,4052.71,3503.45,3908.17,4661.11,2993.2,3835.05,3835.46,2685.46,3690.83,3813.6,3454.03,3113.35,3812.25,3653.04,3340.68,4326.3,3970.09,3946.18,4438.72,3357.61,4515.82,3423.03,3805.74,3847.29,3743.1,3617.75,4301.59,3098.39,3028.8,3127.09,2716.75,3546.1,2870.72,3301.26,4454.94,3502.48,3346.69,3170.35,4040.16,3864.36,3780.13,4767.76,3755.97,3852.14,3509.71,4046.44,2639.44,3618.46,2766.71,3965.69,3229.78,4807.21,3237.48,3396.26,3578.96,2805.37,3531.12,3226.7,4094.22,3123.46,3374.15,3794.87,3591.72,3180.96,3811.74,2630.68,3072.46,3316.07,3891.45,3548.89,3757.82,3670.39,3976.48,2707.76,3402.22,3417.93,3141.6
1550,3669.91,3516.04,3153.18,3793.05,3070.99,3255.75,3726.91,3030.1,3406.86,2973.17,4135.13,4054.17,3287.44,3885.35,3976.72,4465.19,4144.16,3115.66,3281.32,4372.64,3408.96,3382.18,4129.46,4067.74,3517.25,3920.59,4682.43,3004.64,3846.82,3845.63,2695.26,3703.74,3825.24,3464.5,3124.91,3825.3,3664.12,3353.02,4342.41,3982.28,3957.04,4456.68,3368.39,4534.36,3434.81,3820.98,3862.04,3752.88,3631.7,4309.69,3106.24,3037.02,3137.05,2724.4,3560.91,2879.28,3314.73,4469.96,3515.04,3359.26,3182.49,4056.13,3878.66,3791.22,4779.04,3770.62,3864.64,3522.4,4059.15,2648.37,3633.61,2778.37,3980.55,3239.11,4821.61,3246.96,3408.65,3597.53,2813.49,3542.2,3236.54,4108.55,3132.46,3386.31,3805.38,3603.02,3191.72,3829.13,2639.47,3083.78,3327.65,3900.76,3558.31,3769.83,3683.84,3992.16,2717.17,3413.85,3427.56,3152.9
1575,3683.91,3521.48,3164.17,3806.12,3080.31,3267.93,3738.18,3041.52,3417.29,2984.51,4144.38,4068.02,3297.73,3897.54,3990.08,4477.35,4158.4,3128.28,3292.83,4387.58,3422.2,3391.63,4141.14,4082.77,3531.06,3933.01,4703.75,3012.26,3858.59,3855.8,2705.06,3716.65,3836.88,3474.97,3134.87,3838.36,3675.21,3365.37,4350.8,3994.46,3965.76,4470.61,3379.16,4552.91,3446.59,3836.22,3873.41,3762.66,3645.65,4317.79,3114.1,3045.24,3147.02,2732.05,3575.71,2887.84,3328.19,4484.99,3527.61,3371.84,3194.63,4072.1,3892.95,3801.46,4790.33,3782.42,3877.15,3532.04,4071.87,2657.31,3645.37,2790.03,3991.87,3248.44,4830.4,3256.45,3419.45,3616.1,2821.61,3553.28,3246.38,4122.87,3141.47,3398.47,3815.89,3614.31,3202.48,3846.51,2648.27,3095.1,3339.22,3910.07,3567.71,3781.83,3697.29,4007.84,2726.59,3425.48,3437.19,3164.2
1600,3697.37,3526.91,3175.16,3819.19,3089.64,3280.11,3749.44,3052.93,3427.73,2992.54,4152.56,4081.86,3308.01,3909.73,4000.9,4489.52,4172.64,3140.9,3304.33,4402.53,3433.83,3401.08,4152.83,4097.8,3544.86,3945.43,4723.3,3019.68,3870.36,3865.97,2714.77,3729.57,3848.53,3485.44,3142.53,3851.41,3686.29,3377.71,4355.85,4006.65,3974.47,4484.55,3389.94,4571.46,3458.37,3851.45,3884.78,3772.43,3657.97,4325.89,3121.96,3053.46,3156.98,2739.71,3588.87,2896.4,3341.65,4500.02,3540.18,3383.95,3206.77,4088.08,3907.25,3811.69,4801.62,3792.22,3889.65,3538.27,4084.59,2666.24,3657.13,2801.69,4003.19,3257.77,4839.19,3265.93,3426.31,3628.56,2829.73,3564.36,3256.21,4137.2,3150.48,3410.63,3826.41,3625.61,3213.24,3861.73,2657.06,3106.42,3350.8,3919.38,3577.12,3793.83,3710.74,4023.53,2736.01,3437.11,3446.81,3175.5
1625,3706.54,3532.34,3186.16,3832.26,3098.96,3292.29,3760.71,3064.35,3438.16,3000.57,4160.74,4095.71,3318.3,3921.92,4011.73,4501.69,4186.89,3151.05,3315.84,4417.47,3442.26,3410.53,4164.51,4112.54,3558.66,3957.85,4735.12,3027.1,3882.13,3876.14,2721.61,3740.29,3860.17,3495.92,3150.2,3864.47,3697.37,3390.06,4360.89,4018.84,3983.18,4498.48,3400.72,4590.01,3470.15,3866.69,3896.15,3782.21,3667.22,4333.99,3129.82,3061.68,3166.94,2747.36,3598.82,2904.97,3355.11,4515.05,3552.75,3392.44,3218.92,4104.05,3921.55,3821.93,4812.91,3802.02,3902.15,3544.5,4097.31,2674.52,3668.89,2812.65,4014.51,3267.1,4847.98,3275.42,3433.18,3639.21,2837.84,3575.45,3266.05,4151.53,3159.48,3422.79,3836.92,3636.91,3223.99,3873.02,2665.86,3117.74,3362.37,3928.69,3586.53,3805.84,3724.19,4039.21,2745.42,3446.44,3456.44,3186.81
1650,3715.71,3537.78,3197.15,3845.33,3108.28,3302.18,3771.97,3075.77,3448.59,3008.59,4168.93,4109.56,3328.59,3934.11,4022.56,4513.85,4201.13,3159.64,3327.34,4432.41,3450.69,3419.98,4176.2,4120.5,3571.35,3970.27,4746.94,3034.52,3893.9,3886.31,2728.45,3747.17,3871.81,3506.39,3157.86,3877.52,3708.46,3400.64,4365.94,4031.02,3991.89,4512.41,3411.5,4607.79,3481.93,3881.92,3907.52,3791.99,3676.47,4342.09,3137.68,3069.9,3176.9,2755.02,3608.78,2913.53,3368.58,4530.08,3565.32,3400.93,3231.06,4115.36,3933.71,3832.17,4824.2,3811.82,3914.65,3550.73,4110.02,2680.48,3680.66,2821.06,4025.84,3276.43,4856.77,3284.9,3440.05,3649.87,2845.96,3586.53,3275.88,4165.86,3168.49,3434.95,3847.43,3648.21,3234.75,3884.31,2674.65,3125.34,3373.95,3938,3595.94,3817.84,3737.63,4050.64,2754.84,3451.71,3466.07,3196.06
1675,3724.88,3543.21,3208.14,3858.39,3117.6,3310.42,3783.24,3087.19,3459.03,3016.62,4177.11,4118.53,3338.88,3946.3,4033.38,4526.02,4215.37,3168.24,3337.56,4442.03,3459.13,3429.43,4187.88,4128.45,3580.47,3982.69,4758.76,3041.94,3905.67,3896.47,2735.3,3754.05,3883.45,3516.86,3165.53,3890.58,3719.54,3408.99,4370.99,4043.21,4000.61,4526.34,3422.27,4618.42,3493.7,3897.16,3918.89,3801.76,3685.71,4350.19,3145.53,3078.12,3186.86,2762.67,3618.74,2922.09,3382.04,4545.11,3577.89,3409.42,3243.2,4125.23,3942.6,3842.41,4835.48,3821.62,3927.16,3556.96,4122.74,2686.45,3692.42,2829.48,4037.16,3285.76,4865.57,3294.39,3446.92,3660.53,2854.08,3597.61,3285.72,4180.18,3177.5,3447.12,3857.94,3659.51,3244.7,3895.6,2683.44,3132.8,3385.52,3947.31,3605.34,3829.85,3751.08,4060.36,2764.26,3456.98,3475.69,3203.86
1700,3734.05,3548.65,3219.14,3871.46,3126.93,3318.66,3794.5,3098.6,3469.46,3024.65,4185.29,4123.9,3349.17,3958.49,4044.21,4538.19,4229.62,3176.84,3344.83,4447.68,3467.56,3438.88,4199.57,4136.41,3589.59,3995.11,4770.58,3049.36,3917.45,3906.64,2742.14,3760.94,3895.1,3527.33,3173.19,3903.64,3730.62,3417.35,4376.03,4055.4,4009.32,4540.27,3433.05,4629.06,3503.72,3910.98,3930.26,3811.54,3694.96,4358.29,3153.39,3086.34,3196.82,2770.32,3628.7,2930.65,3393.06,4560.13,3590.46,3417.91,3253.03,4135.1,3951.49,3852.64,4846.77,3831.42,3939.66,3563.2,4135.46,2692.42,3704.18,2837.89,4048.48,3295.09,4874.36,3303.87,3453.79,3671.18,2862.2,3607.05,3295.56,4194.51,3186.51,3459.28,3868.45,3670.81,3251.83,3906.89,2692.24,3140.27,3394.09,3956.62,3614.75,3841.85,3762.96,4070.08,2773.68,3462.25,3485.32,3211.66
1725,3743.22,3554.08,3230.13,3881.35,3136.25,3326.89,3805.76,3109.02,3479.89,3032.67,4193.47,4129.26,3359.46,3970.68,4055.04,4550.35,4243.86,3185.44,3352.11,4453.32,3475.99,3448.33,4211.26,4144.37,3598.72,4004.01,4782.4,3056.78,3929.22,3916.81,2748.99,3767.82,3906.74,3537.81,3180.86,3916.69,3741.71,3425.7,4381.08,4067.58,4018.03,4554.21,3443.83,4639.7,3510.79,3921.05,3941.63,3821.32,3704.21,4366.4,3161.25,3094.56,3206.79,2777.98,3638.66,2939.21,3402.83,4575.16,3600.8,3426.4,3261.7,4144.97,3960.39,3862.88,4858.06,3841.21,3952.16,3569.43,4148.17,2698.38,3715.94,2846.3,4059.81,3304.41,4883.15,3313.36,3460.65,3681.84,2870.31,3611.92,3305.39,4208.84,3195.51,3468.28,3878.96,3682.11,3258.97,3918.18,2700.62,3147.73,3401.89,3965.93,3624.16,3853.86,3772.59,4079.8,2783.09,3467.52,3494.95,3219.46
1750,3752.39,3559.51,3239.6,3888.33,3145.57,3335.13,3817.03,3117.72,3490.33,3040.7,4201.65,4134.63,3369.74,3981.37,4065.86,4562.52,4252.21,3194.04,3359.39,4458.97,3484.43,3457.78,4222.94,4152.33,3607.84,4008.05,4794.22,3064.2,3940.99,3926.98,2755.83,3774.7,3918.38,3548.28,3188.52,3929.75,3752.79,3434.05,4386.12,4079.77,4026.75,4568.14,3454.61,4650.34,3517.86,3931.12,3953,3831.09,3713.45,4374.5,3169.11,3102.79,3214.96,2785.63,3648.62,2947.58,3412.61,4590.19,3609,3434.89,3270.37,4154.84,3969.28,3873.12,4869.35,3851.01,3963.33,3575.66,4160.89,2704.35,3727.7,2854.71,4071.13,3313.74,4891.94,3322.84,3467.52,3692.49,2878.43,3616.78,3315.23,4217.57,3204.52,3477.05,3889.47,3692.81,3266.1,3929.47,2706.49,3155.19,3409.69,3975.24,3633.57,3865.86,3782.21,4089.52,2790.84,3472.79,3504.58,3227.26
1775,3761.56,3564.95,3247.44,3895.3,3154.9,3343.37,3828.29,3126.42,3500.76,3048.72,4209.84,4140,3380.03,3986.64,4076.69,4574.69,4259.65,3202.64,3366.67,4464.61,3492.86,3467.22,4234.63,4160.28,3616.97,4012.1,4806.04,3071.62,3952.3,3937.15,2762.68,3781.59,3930.03,3558.75,3196.19,3940.34,3763.87,3442.4,4391.17,4088.3,4035.46,4582.07,3465.38,4660.98,3524.93,3941.19,3964.37,3840.87,3722.7,4382.6,3176.96,3111.01,3222.2,2793.29,3658.58,2953.04,3422.38,4598.97,3617.2,3443.38,3279.05,4164.71,3978.17,3883.35,4880.64,3860.81,3969.44,3581.89,4169.18,2710.31,3739.46,2863.12,4082.45,3323.07,4900.73,3332.32,3474.39,3703.15,2886.55,3621.65,3324.89,4225.86,3213.53,3485.83,3899.98,3698,3273.23,3940.76,2712.37,3162.65,3417.49,3984.55,3642.98,3877.86,3791.84,4099.25,2798.44,3478.06,3514.2,3235.06
1800,3770.73,3570.38,3255.28,3902.28,3164.22,3351.61,3838.44,3135.12,3511.19,3056.75,4218.02,4145.37,3390.32,3991.92,4087.52,4586.86,4267.09,3211.23,3373.95,4470.26,3501.29,3476.67,4246.31,4168.24,3626.09,4016.14,4817.86,3079.04,3957.17,3947.32,2769.52,3788.47,3941.67,3568.6,3203.86,3949.08,3774.95,3450.75,4396.22,4092.66,4044.17,4596,3473.55,4671.61,3532,3951.26,3975.73,3850.65,3731.94,4390.7,3184.82,3119.23,3229.44,2800.94,3668.54,2958.49,3432.16,4605.73,3625.4,3451.87,3287.72,4174.58,3987.07,3893.59,4891.93,3870.61,3975.56,3588.13,4174.34,2716.28,3750.92,2871.53,4093.78,3332.4,4909.52,3341.14,3481.26,3713.8,2894.67,3626.52,3330.19,4234.14,3221.58,3494.6,3910.49,3703.19,3280.37,3952.05,2718.25,3170.12,3425.28,3993.86,3652.38,3889.32,3801.46,4108.97,2806.04,3483.33,3521.41,3242.86
1825,3779.9,3575.82,3263.12,3909.25,3172.03,3359.84,3843.38,3143.82,3518.83,3064.78,4226.2,4150.73,3399.28,3997.2,4098.34,4599.02,4274.53,3219.83,3381.22,4475.91,3509.72,3486.12,4258,4176.2,3635.22,4020.19,4829.69,3086.46,3962.04,3957.48,2776.36,3795.35,3953.2,3574.96,3211.52,3957.82,3781.25,3459.1,4401.26,4097.02,4052.89,4609.93,3480.96,4682.25,3539.06,3961.33,3987.1,3860.42,3741.19,4398.8,3192.68,3127.45,3236.68,2806.87,3678.49,2963.95,3441.93,4612.5,3633.6,3460.36,3296.39,4184.45,3995.96,3903.83,4903.21,3880.41,3981.67,3594.36,4179.5,2722.24,3759.48,2879.95,4105.1,3340.43,4918.31,3345.57,3488.13,3724.46,2902.38,3631.38,3335.5,4242.43,3226.27,3503.37,3921,3708.39,3287.5,3963.34,2724.13,3177.58,3433.08,4003.17,3661.79,3895.47,3811.08,4118.69,2813.63,3488.6,3525.04,3250.66
1850,3789.07,3581.25,3270.96,3916.23,3178.32,3368.08,3848.31,3152.53,3525.24,3072.8,4234.38,4156.1,3406.17,4002.47,4109.17,4611.19,4281.98,3228.43,3388.5,4481.55,3518.16,3495.57,4263.24,4184.16,3644.34,4024.23,4841.51,3093.89,3966.92,3967.65,2783.21,3802.24,3958.58,3581.31,3219.19,3966.57,3786.86,3467.45,4406.31,4101.38,4061.6,4623.87,3488.37,4692.89,3546.13,3971.41,3998.47,3870.2,3750.44,4406.9,3200.54,3135.67,3243.92,2812.13,3688.45,2969.41,3451.7,4619.27,3641.8,3468.85,3305.06,4194.32,4004.85,3914.07,4914.5,3890.21,3987.79,3600.59,4184.67,2728.21,3768.04,2888.36,4116.42,3344.81,4927.1,3350.01,3495,3735.12,2908.04,3636.25,3340.81,4250.72,3230.95,3512.14,3931.51,3713.58,3294.64,3974.63,2730.01,3185.04,3440.88,4012.48,3671.2,3901.62,3820.71,4128.41,2821.23,3493.87,3528.67,3258.46
1875,3798.25,3586.68,3278.8,3923.21,3184.61,3376.32,3853.25,3161.23,3531.65,3080.83,4242.56,4161.47,3413.06,4007.75,4120,4623.36,4289.42,3237.03,3395.78,4487.2,3526.59,3502.51,4266.1,4192.12,3653.46,4028.27,4853.33,3101.31,3971.79,3977.82,2790.05,3809.12,3963.96,3587.67,3226.85,3975.31,3792.46,3475.81,4411.35,4105.74,4070.31,4636.09,3495.79,4703.53,3553.2,3981.48,4006.36,3877.66,3759.68,4415,3207.11,3141.13,3251.16,2817.4,3698.41,2974.86,3461.48,4626.04,3650,3477.34,3313.74,4204.19,4013.75,3924.3,4925.45,3900.01,3993.9,3606.82,4189.83,2734.17,3776.6,2896.77,4125.35,3349.19,4935.89,3354.44,3501.86,3745.77,2913.69,3641.12,3346.12,4259.01,3235.64,3520.92,3935.04,3718.77,3301.77,3985.92,2735.89,3192.51,3448.68,4021.8,3680.61,3907.76,3830.33,4138.13,2828.83,3499.14,3532.3,3266.25
1900,3807.42,3592.12,3286.64,3930.18,3190.9,3384.55,3858.18,3169.93,3538.06,3086.44,4250.74,4166.84,3419.94,4013.03,4130.82,4632.22,4296.86,3245.63,3403.06,4492.85,3535.02,3507.13,4268.96,4200.07,3662.59,4032.32,4865.15,3108.73,3976.67,3979.98,2796.9,3816.01,3969.34,3594.02,3234.52,3984.06,3798.07,3484.16,4416.4,4110.1,4079.03,4643.85,3503.2,4714.17,3560.27,3991.55,4011.93,3879.8,3768.93,4423.1,3209.97,3145.61,3258.4,2822.66,3708.37,2980.32,3471.25,4632.81,3658.2,3485.82,3322.41,4214.06,4022.64,3931.79,4927.13,3909.81,4000.02,3613.05,4194.99,2740.14,3785.16,2903.87,4130.2,3353.57,4944.68,3358.88,3508.73,3756.43,2919.34,3645.98,3351.43,4267.3,3240.32,3529.69,3938.44,3723.96,3308.9,3996.85,2741.77,3199.97,3456.47,4031.11,3690.02,3913.91,3839.96,4147.85,2836.43,3504.41,3535.93,3274.05
1925,3816.59,3597.55,3294.48,3937.16,3197.2,3392.79,3863.11,3178.63,3544.48,3091.58,4258.93,4172.2,3426.83,4018.3,4135.56,4634.36,4304.3,3254.22,3410.33,4498.49,3543.46,3511.76,4271.82,4208.03,3671.71,4036.36,4876.97,3116.15,3981.54,3981.98,2803.74,3822.89,3974.72,3600.38,3242.18,3992.8,3803.67,3492.51,4421.45,4114.46,4087.74,4651.62,3510.61,4724.81,3567.34,4001.62,4017.5,3881.94,3778.18,4430.07,3212.83,3150.08,3265.64,2827.93,3717.02,2985.77,3481.02,4639.58,3666.4,3494.31,3331.08,4223.94,4031.53,3935.34,4928.81,3916.44,4006.13,3619.29,4200.15,2746.1,3793.71,2909.92,4135.05,3357.95,4953.48,3363.31,3515.6,3766.05,2925,3650.85,3356.74,4275.59,3245.01,3538.46,3941.85,3729.15,3316.04,4003.09,2747.65,3207.43,3464.27,4035.08,3698.83,3920.06,3849.58,4157.58,2844.02,3509.68,3539.56,3281.85
1950,3822.55,3602.99,3302.32,3944.14,3203.49,3401.03,3868.05,3187.33,3550.89,3096.73,4267.11,4177.57,3433.71,4023.58,4139.79,4636.5,4311.74,3262.25,3417.61,4504.14,3551.89,3516.38,4274.69,4215.99,3680.84,4040.41,4888.79,3121.93,3986.41,3983.98,2810.39,3829.77,3980.1,3606.73,3245.26,4001.55,3809.27,3500.86,4426.49,4118.81,4092.75,4659.38,3518.02,4735.44,3574.41,4011.69,4023.07,3884.08,3781.62,4431.15,3215.69,3154.56,3272.89,2833.19,3723.05,2991.23,3490.8,4646.35,3674.6,3502.8,3339.76,4233.81,4040.43,3938.89,4930.49,3920.19,4012.25,3625.52,4205.31,2752.07,3802.27,2915.98,4139.9,3362.33,4962.27,3367.74,3522.47,3772.92,2930.65,3655.72,3362.05,4283.88,3249.69,3547.23,3945.25,3734.35,3323.17,4009.33,2753.53,3214.89,3472.07,4036.58,3702.33,3926.2,3859.2,4167.3,2851.62,3514.95,3543.19,3289.65
1975,3825.61,3608.42,3310.16,3951.11,3209.78,3409.26,3872.98,3196.04,3557.3,3101.87,4274.24,4182.94,3440.6,4028.86,4144.02,4638.64,4319.18,3268.04,3424.89,4509.78,3555.98,3521.01,4277.55,4223.95,3689.96,4044.45,4900.61,3124.9,3991.29,3985.98,2815.07,3836.66,3985.48,3613.09,3247.42,4010.29,3814.88,3509.21,4431.54,4123.17,4094.55,4667.15,3525.44,4746.08,3581.47,4021.76,4028.64,3886.22,3784.55,4432.22,3218.55,3159.03,3280.13,2838.46,3729.07,2996.69,3500.57,4653.12,3682.8,3509.61,3348.43,4243.68,4049.32,3942.44,4932.17,3923.94,4018.36,3631.75,4210.47,2758.03,3810.83,2922.03,4144.75,3366.71,4971.06,3372.18,3529.34,3779.79,2936.3,3660.58,3367.36,4292.17,3254.37,3556,3948.65,3739.54,3330.31,4015.57,2759.41,3222.36,3479.86,4038.09,3705.84,3932.35,3868.83,4177.02,2859.22,3520.22,3546.83,3297.45
2000,3828.68,3613.85,3318,3958.09,3216.07,3414.68,3877.92,3204.74,3563.71,3107.01,4275.67,4188.3,3447.49,4034.13,4148.25,4640.78,4326.62,3273.82,3432.17,4515.43,3558.73,3525.63,4280.41,4231.9,3699.09,4048.5,4912.43,3127.88,3996.16,3987.98,2819.75,3843.54,3990.86,3619.44,3249.59,4019.03,3820.48,3517.56,4436.58,4127.53,4096.35,4674.91,3532.85,4756.72,3588.54,4031.83,4034.21,3888.36,3787.47,4433.3,3221.41,3163.51,3287.37,2843.72,3735.09,3002.14,3507.34,4659.89,3691,3513.49,3357.1,4253.55,4058.16,3945.99,4933.85,3927.69,4024.48,3637.98,4215.63,2764,3819.39,2928.08,4149.6,3371.09,4979.85,3376.61,3535.95,3786.67,2941.96,3665.45,3372.67,4300.46,3259.06,3564.78,3952.06,3744.73,3337.44,4021.82,2765.29,3229.82,3487.66,4039.6,3709.35,3938.49,3878.45,4186.74,2866.81,3525.49,3550.46,3304.64
2025,3831.75,3619.29,3325.84,3965.07,3222.36,3418.74,3882.85,3211.23,3570.13,3112.15,4277.11,4193.67,3454.37,4039.41,4152.49,4642.92,4334.06,3279.6,3439.44,4521.08,3561.48,3530.26,4283.27,4239.86,3704.96,4052.54,4919.26,3130.85,4001.03,3989.98,2824.42,3850.42,3996.24,3625.8,3251.75,4027.78,3826.08,3524.07,4441.63,4131.89,4098.15,4682.68,3540.26,4767.36,3595.61,4041.91,4039.78,3890.5,3790.4,4434.38,3224.27,3167.98,3294.61,2848.99,3741.12,3007.6,3513.78,4666.66,3699.2,3517.37,3364.3,4263.42,4060.49,3949.54,4935.53,3931.44,4030.59,3642.64,4220.79,2768.09,3827.95,2934.14,4154.45,3375.47,4980.96,3381.05,3537.45,3793.54,2947.61,3670.32,3377.98,4308.74,3263.74,3573.55,3955.46,3749.92,3344.58,4028.06,2771.17,3234.58,3495.46,4041.11,3712.85,3944.64,3886.88,4196.46,2872.48,3530.76,3554.09,3309.08
2050,3834.82,3624.07,3333.68,3972.04,3228.65,3422.79,3887.79,3217.15,3576.54,3117.3,4278.55,4199.04,3461.26,4044.69,4156.72,4645.06,4341.5,3285.39,3446.72,4526.72,3564.23,3534.88,4286.13,4247.82,3709.05,4056.58,4921.25,3133.83,4005.91,3991.98,2829.1,3855.8,4001.62,3632.15,3253.91,4036.52,3831.69,3527.8,4446.67,4136.25,4099.95,4690.44,3547.67,4778,3602.68,4050.31,4045.35,3892.64,3793.33,4435.46,3227.13,3172.46,3301.85,2854.25,3747.14,3013.05,3520.23,4673.43,3707.4,3521.25,3370.18,4268.67,4062.81,3953.09,4937.21,3935.19,4036.71,3643.86,4225.95,2769.78,3836.51,2940.19,4159.3,3379.85,4982.05,3385.48,3538.94,3800.41,2953.26,3675.18,3383.29,4317.03,3268.43,3580.26,3958.87,3755.12,3351.16,4034.3,2776.99,3237.96,3498.68,4042.62,3716.36,3950.79,3892.35,4201.35,2877.69,3536.03,3557.72,3313.51
2075,3837.89,3624.85,3341.52,3979.02,3234.94,3426.85,3892.72,3223.07,3582.95,3122.44,4279.99,4204.41,3468.14,4049.96,4160.95,4647.2,4348.94,3291.17,3454,4532.37,3566.97,3539.51,4288.99,4253.66,3713.15,4060.63,4923.25,3136.8,4010.78,3993.98,2833.78,3857.34,4007,3638.51,3256.07,4045.27,3837.29,3531.54,4451.72,4140.61,4101.75,4698.21,3555.09,4781.17,3609.75,4055.51,4050.92,3894.78,3796.26,4436.54,3229.99,3176.93,3308.83,2859.52,3753.17,3018.51,3526.68,4680.2,3712.8,3525.12,3376.06,4271.21,4065.14,3956.64,4938.88,3938.94,4042.82,3645.08,4231.11,2771.46,3845.07,2946.24,4164.15,3384.23,4983.13,3389.92,3540.43,3807.29,2958.92,3680.05,3388.6,4325.32,3273.11,3585.77,3962.27,3760.31,3353.26,4040.54,2781.1,3241.34,3501.52,4044.12,3719.87,3956.93,3897.82,4203.78,2882.91,3541.3,3561.35,3317.95
2100,3840.95,3625.63,3347.65,3986,3241.23,3430.9,3897.66,3228.99,3589.36,3127.58,4281.43,4209.77,3475.03,4055.24,4165.19,4649.34,4356.39,3296.95,3456.99,4538.02,3569.72,3544.13,4291.85,4255.13,3717.25,4064.67,4925.25,3139.78,4015.65,3995.98,2838.46,3858.87,4012.38,3644.86,3258.23,4054.01,3842.9,3535.27,4456.77,4144.97,4103.56,4705.97,3562.5,4783.12,3616.82,4060.72,4056.49,3896.91,3799.19,4437.61,3232.85,3181.41,3311.02,2864.78,3759.19,3023.97,3533.13,4686.97,3716.13,3529,3381.95,4273.74,4067.46,3960.19,4940.56,3942.69,4048.94,3646.3,4236.27,2773.15,3853.62,2952.29,4169,3388.61,4984.22,3394.35,3541.93,3814.16,2964.57,3684.92,3393.91,4333.61,3277.8,3591.28,3965.68,3765.5,3355.35,4046.78,2785.2,3244.72,3504.36,4045.63,3723.37,3963.08,3903.29,4206.21,2888.12,3546.57,3564.98,3322.39
2125,3844.02,3626.41,3352.69,3992.97,3247.52,3434.96,3902.59,3234.91,3595.78,3132.72,4282.87,4215.14,3481.92,4060.52,4169.42,4651.47,4363.83,3302.73,3459.56,4543.66,3572.47,3548.76,4294.71,4256.6,3721.35,4068.72,4927.24,3142.76,4020.53,3997.98,2843.13,3860.41,4017.76,3651.22,3260.4,4062.4,3848.5,3539,4461.81,4149.33,4105.36,4713.74,3569.91,4785.07,3620.86,4065.92,4062.06,3899.05,3802.11,4438.69,3235.71,3185.88,3313.21,2870.05,3765.21,3029.42,3539.58,4693.74,3719.47,3532.88,3387.83,4276.28,4069.79,3963.75,4942.24,3946.44,4055.05,3647.51,4241.43,2774.83,3859.7,2958.35,4173.85,3392.99,4985.3,3398.78,3543.42,3821.03,2970.23,3689.78,3399.22,4341.9,3282.48,3596.79,3969.08,3770.69,3357.45,4053.03,2789.31,3248.1,3507.19,4047.14,3726.88,3969.23,3908.76,4208.64,2893.33,3549.27,3568.61,3326.83
2150,3847.09,3627.19,3357.72,3999.95,3253.81,3439.01,3907.52,3240.83,3602.19,3137.87,4284.31,4220.51,3488.8,4065.8,4173.65,4653.61,4371.27,3308.52,3462.12,4549.31,3575.22,3553.38,4297.57,4258.07,3725.45,4072.76,4929.24,3145.73,4025.4,3999.98,2847.81,3861.95,4023.14,3657.57,3262.56,4065.21,3854.1,3542.73,4466.86,4153.69,4107.16,4721.5,3577.32,4787.02,3622.6,4071.12,4067.63,3901.19,3805.04,4439.77,3238.57,3190.35,3315.4,2875.31,3771.24,3034.88,3546.02,4700.51,3722.8,3536.75,3393.71,4278.81,4072.11,3967.3,4943.92,3950.19,4061.17,3648.73,4246.59,2776.52,3862.39,2964.4,4178.7,3397.37,4986.38,3403.22,3544.91,3827.91,2975.88,3694.65,3404.53,4350.19,3287.16,3602.3,3972.48,3775.89,3359.54,4059.27,2793.41,3251.48,3510.03,4048.65,3730.39,3975.37,3914.23,4211.07,2898.54,3550.22,3572.25,3331.27
2175,3850.16,3627.97,3362.75,4001.55,3260.1,3443.07,3912.46,3246.75,3608.6,3143.01,4285.75,4225.87,3495.69,4071.07,4177.89,4655.75,4378.71,3314.3,3464.69,4554.95,3577.96,3558.01,4300.43,4259.54,3729.55,4076.81,4931.24,3148.71,4030.28,4001.98,2852.49,3863.49,4028.52,3663.93,3264.72,4068.02,3859.71,3546.47,4469.59,4158.05,4108.96,4729.27,3581.27,4788.98,3624.33,4076.32,4073.2,3903.33,3807.97,4440.85,3241.43,3194.83,3317.59,2880.58,3777.26,3036.81,3552.47,4707.28,3726.13,3540.63,3399.59,4281.35,4074.44,3970.85,4945.6,3953.94,4067.28,3649.95,4251.75,2778.21,3865.07,2970.45,4183.55,3401.75,4987.47,3407.65,3546.41,3834.78,2981.53,3697.29,3409.84,4354.22,3291.85,3607.81,3975.89,3781.08,3361.64,4065.51,2797.51,3254.86,3512.87,4050.16,3733.9,3981.52,3919.7,4213.5,2903.76,3551.18,3575.88,3335.71
2200,3853.23,3628.75,3367.78,4003.07,3266.39,3447.13,3917.39,3252.67,3615.01,3148.15,4287.18,4231.24,3502.58,4076.35,4182.12,4657.89,4386.15,3320.08,3467.25,4558.82,3580.71,3562.63,4303.29,4261.02,3733.64,4080.85,4933.23,3151.68,4035.15,4003.98,2857.16,3865.02,4033.9,3670.28,3266.88,4070.83,3865.31,3550.2,4470.04,4162.41,4110.76,4737.03,3583.57,4790.93,3626.06,4081.52,4078.77,3905.47,3810.9,4441.93,3244.29,3199.3,3319.78,2885.84,3783.29,3038.61,3558.92,4714.05,3729.46,3544.51,3405.47,4283.89,4076.76,3974.4,4947.28,3957.69,4073.4,3651.16,4256.91,2779.89,3867.76,2976.5,4188.4,3406.13,4988.55,3412.09,3547.9,3841.65,2987.19,3698.33,3415.15,4356.03,3296.53,3613.31,3979.29,3786.27,3363.73,4071.75,2801.62,3258.24,3515.71,4051.66,3737.4,3987.66,3925.17,4215.93,2908.97,3552.13,3579.51,3340.14
2225,3856.3,3629.53,3372.82,4004.59,3272.68,3451.18,3922.33,3258.59,3620.12,3153.29,4288.62,4236.61,3507.1,4081.63,4186.35,4660.03,4391.78,3325.86,3469.81,4559.41,3583.46,3567.26,4306.15,4262.49,3737.74,4084.89,4935.23,3154.66,4040.02,4005.98,2861.84,3866.56,4039.28,3673.64,3269.04,4073.64,3870.92,3553.93,4470.49,4166.77,4112.56,4744.8,3585.86,4792.88,3627.8,4086.72,4084.34,3907.61,3813.82,4443,3247.15,3203.78,3321.98,2891.1,3789.31,3040.41,3565.37,4720.82,3732.8,3548.39,3411.36,4286.42,4079.08,3977.95,4948.96,3961.44,4079.51,3652.38,4262.07,2781.58,3870.45,2982.56,4193.25,3410.51,4989.64,3416.52,3549.39,3848.53,2992.84,3699.38,3420.46,4357.84,3301.22,3618.82,3982.7,3791.46,3365.83,4077.99,2805.72,3261.61,3518.54,4053.17,3740.91,3993.81,3930.64,4218.36,2914.18,3553.08,3583.14,3344.58
2250,3859.36,3630.31,3377.85,4006.11,3277.41,3455.24,3927.26,3264.51,3622.08,3158.44,4290.06,4238.56,3509.62,4086.9,4190.59,4662.17,4393.1,3331.65,3472.38,4560,3586.2,3571.88,4309.01,4263.96,3741.84,4088.94,4937.23,3157.63,4044.9,4007.98,2866.52,3868.1,4044.66,3675.51,3271.21,4076.45,3876.52,3557.67,4470.94,4171.13,4114.36,4752.56,3588.16,4794.83,3629.53,4091.92,4089.91,3909.75,3816.75,4444.08,3250.01,3208.25,3324.17,2896.37,3795.33,3042.2,3571.82,4726.26,3736.13,3552.26,3417.24,4288.96,4081.41,3981.5,4950.64,3965.19,4081.9,3653.6,4266.8,2783.27,3873.13,2987.24,4198.1,3414.9,4990.72,3420.95,3550.89,3855.4,2995.57,3700.43,3423.22,4359.65,3305.9,3624.33,3986.1,3796.65,3367.92,4084.24,2809.82,3264.99,3521.38,4054.68,3744.42,3999.96,3936.11,4220.79,2919.39,3554.03,3586.77,3349.02
2275,3862.43,3631.09,3382.88,4007.63,3279.25,3459.29,3932.2,3270.43,3624.04,3163.58,4291.5,4239.12,3512.13,4092.18,4194.82,4664.31,4394.42,3337.43,3474.94,4560.59,3588.95,3576.5,4311.88,4265.43,3745.94,4092.98,4939.22,3160.61,4049.77,4009.98,2871.2,3869.63,4050.04,3677.38,3273.37,4079.26,3882.12,3561.4,4471.4,4175.48,4116.16,4760.33,3590.46,4796.79,3631.26,4097.12,4095.48,3911.89,3819.68,4445.16,3252.87,3212.73,3326.36,2898.38,3801.36,3044,3578.26,4727.32,3739.46,3556.14,3423.12,4291.49,4083.73,3985.05,4952.32,3968.95,4083.11,3654.82,4267.64,2784.95,3875.82,2991.83,4202.95,3419.28,4991.81,3425.39,3552.38,3862.28,2997.45,3701.48,3424.66,4361.46,3310.59,3629.84,3989.51,3797.91,3370.02,4090.48,2813.93,3268.37,3524.22,4056.19,3747.92,4001.98,3941.58,4223.22,2924.61,3554.98,3590.4,3353.46
2300,3865.5,3631.87,3387.91,4009.16,3281.09,3463.35,3937.13,3276.35,3626,3168.38,4292.94,4239.68,3514.65,4097.46,4199.05,4666.45,4395.74,3343.21,3477.51,4561.18,3591.7,3581.13,4314.74,4266.9,3750.04,4097.03,4941.22,3163.58,4054.64,4011.98,2875.87,3871.17,4055.42,3679.25,3275.53,4082.07,3887.73,3565.13,4471.85,4179.84,4117.96,4768.09,3592.75,4798.74,3633,4102.33,4101.06,3914.03,3822.61,4446.24,3255.73,3217.2,3328.55,2899.88,3807.38,3045.8,3584.71,4728.38,3742.8,3560.02,3429,4294.03,4086.06,3988.6,4954,3972.7,4084.32,3656.03,4268.48,2786.64,3878.51,2996.41,4207.8,3423.66,4992.89,3429.82,3553.87,3869.15,2999.33,3702.53,3426.1,4363.27,3315.27,3635.35,3992.91,3798.92,3372.11,4096.72,2818.03,3271.75,3527.05,4057.7,3751.43,4003.39,3947.05,4225.65,2929.82,3555.93,3594.04,3357.9
2325,3868.57,3632.65,3392.94,4010.68,3282.92,3467.4,3942.07,3282.27,3627.96,3170.12,4294.38,4240.24,3517.16,4099.36,4203.29,4668.59,4397.06,3349,3480.07,4561.77,3594.45,3585.75,4317.6,4268.38,3754.14,4098.96,4943.22,3166.56,4059.52,4013.98,2880.55,3872.71,4060.8,3681.12,3277.69,4084.88,3892.27,3568.86,4472.3,4184.2,4119.76,4775.86,3595.05,4800.69,3634.73,4107.53,4106.63,3916.16,3825.53,4447.31,3258.59,3221.68,3330.74,2901.39,3813.4,3047.6,3591.16,4729.44,3746.13,3563.9,3434.89,4296.56,4088.38,3992.15,4955.68,3976.45,4085.53,3657.25,4269.32,2788.33,3881.19,3001,4212.65,3428.04,4993.98,3434.26,3555.37,3876.02,3001.2,3703.58,3427.53,4365.08,3319.96,3640.85,3996.31,3799.92,3374.21,4102.96,2822.13,3275.13,3529.89,4059.21,3754.94,4004.8,3952.52,4228.08,2935.03,3556.88,3597.67,3362.34
2350,3871.64,3633.42,3397.98,4012.2,3284.76,3471.46,3944.27,3288.19,3629.92,3171.86,4295.82,4240.8,3519.68,4100.16,4207.52,4670.72,4398.38,3354.78,3482.64,4562.36,3597.19,3590.38,4320.46,4269.85,3758.24,4099.37,4945.21,3169.53,4064.39,4015.98,2885.23,3874.24,4066.18,3682.99,3279.85,4087.69,3893.46,3572.6,4472.75,4188.56,4121.56,4783.62,3597.34,4802.64,3636.46,4112.73,4112.2,3918.3,3828.46,4448.39,3261.45,3226.15,3332.93,2902.9,3819.43,3049.4,3597.61,4730.5,3749.46,3567.77,3440.77,4299.1,4090.71,3995.7,4957.36,3980.2,4086.74,3658.47,4270.16,2790.01,3883.88,3005.59,4217.5,3432.42,4995.06,3436.62,3556.86,3882.9,3003.08,3704.62,3428.97,4366.89,3321.13,3646.36,3999.72,3800.93,3376.3,4109.14,2826.24,3278.51,3532.73,4060.71,3758.44,4006.21,3957.99,4230.51,2940.25,3557.83,3601.3,3366.77
2375,3874.7,3634.2,3403.01,4013.72,3286.6,3475.51,3945.15,3294.11,3631.89,3173.6,4297.26,4241.36,3522.2,4100.96,4211.75,4672.86,4399.71,3360.56,3485.2,4562.94,3599.94,3595,4323.32,4271.32,3762.33,4099.79,4947.21,3172.51,4066.6,4017.97,2889.91,3875.78,4071.56,3684.86,3282.01,4090.5,3894.65,3576.33,4473.2,4191.57,4123.36,4788.8,3599.64,4804.6,3638.2,4117.93,4115.44,3920.44,3831.39,4449.47,3264.31,3229.75,3335.12,2904.4,3825.45,3051.19,3603.82,4731.56,3752.79,3571.65,3446.65,4301.63,4093.03,3999.25,4959.04,3983.95,4087.95,3659.69,4271,2791.7,3886.57,3010.17,4222.35,3435.72,4996.15,3437.59,3558.35,3889.77,3004.96,3705.67,3430.4,4368.7,3322.3,3651.87,4003.12,3801.94,3378.39,4110.72,2830.34,3281.89,3535.56,4062.22,3761.95,4007.62,3963.46,4232.94,2945.08,3558.78,3604.93,3371.21
2400,3877.77,3634.98,3408.04,4015.24,3288.43,3479.57,3946.03,3299.3,3633.85,3175.34,4298.7,4241.92,3524.71,4101.77,4215.99,4675,4401.03,3366.23,3487.77,4563.53,3602.69,3599.63,4326.18,4272.79,3766.43,4100.21,4949.21,3175.49,4067.3,4019.97,2894.58,3877.32,4076.94,3686.73,3284.18,4093.31,3895.84,3580.06,4473.65,4192,4125.16,4790.31,3601.94,4806.55,3639.93,4123.13,4116.66,3922.58,3834.32,4450.55,3267.17,3231.01,3337.31,2905.91,3827.33,3052.99,3607.25,4732.62,3756.13,3575.53,3452.53,4304.17,4095.35,4002.8,4960.71,3987.7,4089.16,3660.9,4271.85,2793.39,3889.25,3014.76,4227.2,3436.68,4997.23,3438.55,3559.85,3893.85,3006.84,3706.72,3431.84,4370.51,3323.46,3657.38,4006.53,3802.95,3380.49,4112.3,2834.44,3285.27,3538.4,4063.73,3765.46,4009.03,3968.93,4235.37,2949.22,3559.73,3606.8,3375.65
2425,3880.84,3635.76,3413.07,4016.76,3290.27,3483.62,3946.91,3304,3635.81,3177.08,4300.13,4242.48,3527.23,4102.57,4220.22,4677.14,4402.35,3368.25,3490.33,4564.12,3605.43,3604.25,4329.04,4274.26,3770.53,4100.62,4951.2,3178.46,4068,4021.97,2897.95,3878.85,4078.24,3688.61,3286.34,4096.12,3897.02,3583.8,4474.1,4192.43,4126.96,4791.82,3604.23,4808.5,3641.66,4128.33,4117.88,3924.72,3837.25,4451.63,3270.03,3232.26,3339.5,2907.41,3829.06,3054.79,3610.68,4733.68,3759.46,3579.41,3458.42,4306.71,4097.68,4006.35,4962.39,3991.45,4090.37,3662.12,4272.69,2795.07,3891.94,3019.35,4228.66,3437.63,4998.31,3439.51,3561.34,3896.06,3008.71,3707.77,3433.27,4372.32,3324.62,3662.89,4009.93,3803.96,3382.58,4113.89,2838.55,3288.64,3541.24,4065.24,3768.96,4010.44,3974.4,4237.8,2953.36,3560.68,3607.4,3380.09
2450,3883.91,3636.54,3418.11,4018.29,3292.1,3487.68,3947.79,3308.7,3637.77,3178.82,4301.57,4243.04,3529.74,4103.37,4224.45,4679.28,4403.67,3370.27,3492.89,4564.71,3608.18,3605.66,4331.9,4275.73,3774.63,4101.04,4953.2,3181.44,4068.7,4023.97,2899.36,3880.39,4079.14,3690.48,3288.5,4098.93,3898.21,3587.53,4474.55,4192.86,4128.76,4793.33,3606.53,4810.45,3643.4,4133.53,4119.1,3926.86,3840.17,4452.7,3272.89,3233.51,3341.7,2908.92,3830.79,3056.59,3614.12,4734.74,3762.79,3583.28,3464.18,4309.24,4100,4009.9,4964.07,3995.2,4091.58,3663.34,4273.53,2796.76,3894.63,3023.93,4229.53,3438.59,4999.4,3440.48,3562.83,3898.27,3010.59,3708.82,3434.71,4374.13,3325.79,3668.4,4013.34,3804.96,3384.68,4115.47,2842.65,3292.02,3544.08,4066.75,3772.47,4011.84,3979.87,4240.23,2957.5,3561.63,3608.01,3384.53
2475,3886.98,3637.32,3423.14,4019.81,3293.94,3491.73,3948.67,3313.4,3639.73,3180.56,4303.01,4243.6,3532.26,4104.17,4228.69,4681.42,4404.99,3372.29,3495.46,4565.3,3610.93,3606.66,4334.76,4277.21,3778.73,4101.46,4955.2,3184.41,4069.4,4025.97,2900.76,3881.93,4080.04,3692.35,3290.66,4101.74,3899.4,3591.26,4475,4193.29,4130.56,4794.84,3608.83,4812.41,3645.13,4138.73,4120.32,3929,3843.1,4453.78,3275.75,3234.76,3343.89,2910.43,3832.52,3058.39,3617.55,4735.8,3766.13,3587.16,3466.54,4311.78,4102.33,4013.45,4965.75,3998.95,4092.79,3664.56,4274.37,2798.45,3897.31,3028.52,4230.4,3439.55,5000.48,3441.44,3564.33,3900.47,3012.47,3709.86,3436.14,4375.94,3326.95,3673.9,4016.74,3805.97,3386.77,4117.05,2846.76,3295.4,3546.91,4068.25,3775.98,4013.25,3985.34,4242.66,2961.64,3562.58,3608.61,3388.96
2500,3890.04,3638.1,3428.17,4021.33,3295.78,3495.79,3949.55,3318.11,3641.69,3182.3,4304.45,4244.16,3534.78,4104.98,4230.28,4683.56,4406.32,3374.31,3498.02,4565.89,3613.68,3607.67,4337.62,4278.68,3782.83,4101.88,4957.19,3187.39,4070.1,4027.97,2902.16,3883.47,4080.94,3694.22,3292.82,4104.55,3900.59,3594.99,4475.45,4193.72,4132.36,4796.35,3611.12,4814.36,3646.86,4143.93,4121.54,3931.14,3846.03,4454.86,3278.61,3236.02,3346.08,2911.93,3834.26,3060.18,3620.98,4736.86,3769.46,3591.04,3468.9,4314.31,4104.65,4017,4967.43,4002.7,4094,3665.77,4275.21,2800.13,3900,3033.11,4231.27,3440.5,5001.57,3442.4,3565.82,3902.68,3014.34,3710.91,3437.58,4377.75,3328.11,3679.01,4018.13,3806.98,3388.87,4118.64,2848.89,3298.78,3549.75,4069.76,3779.48,4014.66,3989.84,4245.09,2965.78,3563.53,3609.22,3393.4
